100
tileset_4
8 8
160 80
[0 1 1.0 0.0] [0 1 1.0 0.0] [0 1 1.0 0.0] [0 1 1.0 0.0] [0 1 1.0 0.0] [0 1 1.0 0.0] [0 1 1.0 0.0] [0 1 1.0 0.0] [0 1 1.0 0.0] [0 1 1.0 0.0] [0 1 1.0 0.0] [0 1 1.0 0.0] [0 1 1.0 0.0] [0 1 1.0 0.0] [0 1 1.0 0.0] [0 1 1.0 0.0] [0 1 1.0 0.0] [0 1 1.0 0.0] [0 1 1.0 0.0] [0 1 1.0 0.0] [0 1 1.0 0.0] [0 1 1.0 0.0] [0 1 1.0 0.0] [0 1 1.0 0.0] [0 1 1.0 0.0] [0 1 1.0 0.0] [0 1 1.0 0.0] [0 1 1.0 0.0] [0 1 1.0 0.0] [0 1 1.0 0.0] [0 1 1.0 0.0] [0 1 1.0 0.0] [0 1 1.0 0.0] [0 1 1.0 0.0] [0 1 1.0 0.0] [0 1 1.0 0.0] [0 1 1.0 0.0] [0 1 1.0 0.0] [0 1 1.0 0.0] [0 1 1.0 0.0] [0 1 1.0 0.0] [0 1 1.0 0.0] [0 1 1.0 0.0] [0 1 1.0 0.0] [0 1 1.0 0.0] [0 1 1.0 0.0] [0 1 1.0 0.0] [0 1 1.0 0.0] [0 1 1.0 0.0] [0 1 1.0 0.0] [0 1 1.0 0.0] [0 1 1.0 0.0] [0 1 1.0 0.0] [0 1 1.0 0.0] [0 1 1.0 0.0] [0 1 1.0 0.0] [0 1 1.0 0.0] [0 1 1.0 0.0] [0 1 1.0 0.0] [0 1 1.0 0.0] [0 1 1.0 0.0] [0 1 1.0 0.0] [0 1 1.0 0.0] [0 1 1.0 0.0] [0 1 1.0 0.0] [0 1 1.0 0.0] [0 1 1.0 0.0] [0 1 1.0 0.0] [0 1 1.0 0.0] [0 1 1.0 0.0] [0 1 1.0 0.0] [0 1 1.0 0.0] [0 1 1.0 0.0] [0 1 1.0 0.0] [0 1 1.0 0.0] [0 1 1.0 0.0] [0 1 1.0 0.0] [0 1 1.0 0.0] [0 1 1.0 0.0] [0 1 1.0 0.0] [0 1 1.0 0.0] [0 1 1.0 0.0] [0 1 1.0 0.0] [0 1 1.0 0.0] [0 1 1.0 0.0] [0 1 1.0 0.0] [0 1 1.0 0.0] [0 1 1.0 0.0] [0 1 1.0 0.0] [0 1 1.0 0.0] [0 1 1.0 0.0] [0 1 1.0 0.0] [0 1 1.0 0.0] [0 1 1.0 0.0] [0 1 1.0 0.0] [0 1 1.0 0.0] [0 1 1.0 0.0] [0 1 1.0 0.0] [0 1 1.0 0.0] [0 1 1.0 0.0] [0 1 1.0 0.0] [0 1 1.0 0.0] [0 1 1.0 0.0] [0 1 1.0 0.0] [0 1 1.0 0.0] [0 1 1.0 0.0] [0 1 1.0 0.0] [0 1 1.0 0.0] [0 1 1.0 0.0] [0 1 1.0 0.0] [0 1 1.0 0.0] [0 1 1.0 0.0] [0 1 1.0 0.0] [0 1 1.0 0.0] [0 1 1.0 0.0] [0 1 1.0 0.0] [0 1 1.0 0.0] [0 1 1.0 0.0] [0 1 1.0 0.0] [0 1 1.0 0.0] [0 1 1.0 0.0] [0 1 1.0 0.0] [0 1 1.0 0.0] [0 1 1.0 0.0] [0 1 1.0 0.0] [0 1 1.0 0.0] [0 1 1.0 0.0] [0 1 1.0 0.0] [0 1 1.0 0.0] [0 1 1.0 0.0] [0 1 1.0 0.0] [0 1 1.0 0.0] [0 1 1.0 0.0] [0 1 1.0 0.0] [0 1 1.0 0.0] [0 1 1.0 0.0] [0 1 1.0 0.0] [0 1 1.0 0.0] [0 1 1.0 0.0] [0 1 1.0 0.0] [0 1 1.0 0.0] [0 1 1.0 0.0] [0 1 1.0 0.0] [0 1 1.0 0.0] [0 1 1.0 0.0] [0 1 1.0 0.0] [0 1 1.0 0.0] [0 1 1.0 0.0] [0 1 1.0 0.0] [0 1 1.0 0.0] [0 1 1.0 0.0] [0 1 1.0 0.0] [0 1 1.0 0.0] [0 1 1.0 0.0] [0 1 1.0 0.0] [0 1 1.0 0.0] [0 1 1.0 0.0] [0 1 1.0 0.0] [0 1 1.0 0.0] [0 1 1.0 0.0]
[0 1 1.0 0.0] [0 1 1.0 0.0] [0 1 1.0 0.0] [0 1 1.0 0.0] [0 1 1.0 0.0] [0 1 1.0 0.0] [0 1 1.0 0.0] [0 1 1.0 0.0] [0 1 1.0 0.0] [0 1 1.0 0.0] [0 1 1.0 0.0] [0 1 1.0 0.0] [0 1 1.0 0.0] [0 1 1.0 0.0] [0 1 1.0 0.0] [0 1 1.0 0.0] [0 1 1.0 0.0] [0 1 1.0 0.0] [0 1 1.0 0.0] [0 1 1.0 0.0] [0 1 1.0 0.0] [0 1 1.0 0.0] [0 1 1.0 0.0] [0 1 1.0 0.0] [0 1 1.0 0.0] [0 1 1.0 0.0] [0 1 1.0 0.0] [0 1 1.0 0.0] [0 1 1.0 0.0] [0 1 1.0 0.0] [0 1 1.0 0.0] [0 1 1.0 0.0] [0 1 1.0 0.0] [0 1 1.0 0.0] [0 1 1.0 0.0] [0 1 1.0 0.0] [0 1 1.0 0.0] [0 1 1.0 0.0] [0 1 1.0 0.0] [0 1 1.0 0.0] [0 1 1.0 0.0] [0 1 1.0 0.0] [0 1 1.0 0.0] [0 1 1.0 0.0] [0 1 1.0 0.0] [0 1 1.0 0.0] [0 1 1.0 0.0] [0 1 1.0 0.0] [0 1 1.0 0.0] [0 1 1.0 0.0] [0 1 1.0 0.0] [0 1 1.0 0.0] [0 1 1.0 0.0] [0 1 1.0 0.0] [0 1 1.0 0.0] [0 1 1.0 0.0] [0 1 1.0 0.0] [0 1 1.0 0.0] [0 1 1.0 0.0] [0 1 1.0 0.0] [0 1 1.0 0.0] [0 1 1.0 0.0] [0 1 1.0 0.0] [0 1 1.0 0.0] [0 1 1.0 0.0] [0 1 1.0 0.0] [0 1 1.0 0.0] [0 1 1.0 0.0] [0 1 1.0 0.0] [0 1 1.0 0.0] [0 1 1.0 0.0] [0 1 1.0 0.0] [0 1 1.0 0.0] [0 1 1.0 0.0] [0 1 1.0 0.0] [0 1 1.0 0.0] [0 1 1.0 0.0] [0 1 1.0 0.0] [0 1 1.0 0.0] [0 1 1.0 0.0] [0 1 1.0 0.0] [0 1 1.0 0.0] [0 1 1.0 0.0] [0 1 1.0 0.0] [0 1 1.0 0.0] [0 1 1.0 0.0] [0 1 1.0 0.0] [0 1 1.0 0.0] [0 1 1.0 0.0] [0 1 1.0 0.0] [0 1 1.0 0.0] [0 1 1.0 0.0] [0 1 1.0 0.0] [0 1 1.0 0.0] [0 1 1.0 0.0] [0 1 1.0 0.0] [0 1 1.0 0.0] [0 1 1.0 0.0] [0 1 1.0 0.0] [0 1 1.0 0.0] [0 1 1.0 0.0] [0 1 1.0 0.0] [0 1 1.0 0.0] [0 1 1.0 0.0] [0 1 1.0 0.0] [0 1 1.0 0.0] [0 1 1.0 0.0] [0 1 1.0 0.0] [0 1 1.0 0.0] [0 1 1.0 0.0] [0 1 1.0 0.0] [0 1 1.0 0.0] [0 1 1.0 0.0] [0 1 1.0 0.0] [0 1 1.0 0.0] [0 1 1.0 0.0] [0 1 1.0 0.0] [0 1 1.0 0.0] [0 1 1.0 0.0] [0 1 1.0 0.0] [0 1 1.0 0.0] [0 1 1.0 0.0] [0 1 1.0 0.0] [0 1 1.0 0.0] [0 1 1.0 0.0] [0 1 1.0 0.0] [0 1 1.0 0.0] [0 1 1.0 0.0] [0 1 1.0 0.0] [0 1 1.0 0.0] [0 1 1.0 0.0] [0 1 1.0 0.0] [0 1 1.0 0.0] [0 1 1.0 0.0] [0 1 1.0 0.0] [0 1 1.0 0.0] [0 1 1.0 0.0] [0 1 1.0 0.0] [0 1 1.0 0.0] [0 1 1.0 0.0] [0 1 1.0 0.0] [0 1 1.0 0.0] [0 1 1.0 0.0] [0 1 1.0 0.0] [0 1 1.0 0.0] [0 1 1.0 0.0] [0 1 1.0 0.0] [0 1 1.0 0.0] [0 1 1.0 0.0] [0 1 1.0 0.0] [0 1 1.0 0.0] [0 1 1.0 0.0] [0 1 1.0 0.0] [0 1 1.0 0.0] [0 1 1.0 0.0] [0 1 1.0 0.0] [0 1 1.0 0.0] [0 1 1.0 0.0] [0 1 1.0 0.0] [0 1 1.0 0.0]
[0 1 1.0 0.0] [0 1 1.0 0.0] [0 1 1.0 0.0] [0 1 1.0 0.0] [0 1 1.0 0.0] [0 1 1.0 0.0] [0 1 1.0 0.0] [0 1 1.0 0.0] [0 1 1.0 0.0] [0 1 1.0 0.0] [0 1 1.0 0.0] [0 1 1.0 0.0] [0 1 1.0 0.0] [0 1 1.0 0.0] [0 1 1.0 0.0] [0 1 1.0 0.0] [0 1 1.0 0.0] [0 1 1.0 0.0] [0 1 1.0 0.0] [0 1 1.0 0.0] [0 1 1.0 0.0] [0 1 1.0 0.0] [0 1 1.0 0.0] [0 1 1.0 0.0] [0 1 1.0 0.0] [0 1 1.0 0.0] [0 1 1.0 0.0] [0 1 1.0 0.0] [0 1 1.0 0.0] [0 1 1.0 0.0] [0 1 1.0 0.0] [0 1 1.0 0.0] [0 1 1.0 0.0] [0 1 1.0 0.0] [0 1 1.0 0.0] [0 1 1.0 0.0] [0 1 1.0 0.0] [0 1 1.0 0.0] [0 1 1.0 0.0] [0 1 1.0 0.0] [0 1 1.0 0.0] [0 1 1.0 0.0] [0 1 1.0 0.0] [0 1 1.0 0.0] [0 1 1.0 0.0] [0 1 1.0 0.0] [0 1 1.0 0.0] [0 1 1.0 0.0] [0 1 1.0 0.0] [0 1 1.0 0.0] [0 1 1.0 0.0] [0 1 1.0 0.0] [0 1 1.0 0.0] [0 1 1.0 0.0] [0 1 1.0 0.0] [0 1 1.0 0.0] [0 1 1.0 0.0] [0 1 1.0 0.0] [0 1 1.0 0.0] [0 1 1.0 0.0] [0 1 1.0 0.0] [0 1 1.0 0.0] [0 1 1.0 0.0] [0 1 1.0 0.0] [0 1 1.0 0.0] [0 1 1.0 0.0] [0 1 1.0 0.0] [0 1 1.0 0.0] [0 1 1.0 0.0] [0 1 1.0 0.0] [0 1 1.0 0.0] [0 1 1.0 0.0] [0 1 1.0 0.0] [0 1 1.0 0.0] [0 1 1.0 0.0] [0 1 1.0 0.0] [0 1 1.0 0.0] [0 1 1.0 0.0] [0 1 1.0 0.0] [0 1 1.0 0.0] [0 1 1.0 0.0] [0 1 1.0 0.0] [0 1 1.0 0.0] [0 1 1.0 0.0] [0 1 1.0 0.0] [0 1 1.0 0.0] [0 1 1.0 0.0] [0 1 1.0 0.0] [0 1 1.0 0.0] [0 1 1.0 0.0] [0 1 1.0 0.0] [0 1 1.0 0.0] [0 1 1.0 0.0] [0 1 1.0 0.0] [0 1 1.0 0.0] [0 1 1.0 0.0] [0 1 1.0 0.0] [0 1 1.0 0.0] [0 1 1.0 0.0] [0 1 1.0 0.0] [0 1 1.0 0.0] [0 1 1.0 0.0] [0 1 1.0 0.0] [0 1 1.0 0.0] [0 1 1.0 0.0] [0 1 1.0 0.0] [0 1 1.0 0.0] [0 1 1.0 0.0] [0 1 1.0 0.0] [0 1 1.0 0.0] [0 1 1.0 0.0] [0 1 1.0 0.0] [0 1 1.0 0.0] [0 1 1.0 0.0] [0 1 1.0 0.0] [0 1 1.0 0.0] [0 1 1.0 0.0] [0 1 1.0 0.0] [0 1 1.0 0.0] [0 1 1.0 0.0] [0 1 1.0 0.0] [0 1 1.0 0.0] [0 1 1.0 0.0] [0 1 1.0 0.0] [0 1 1.0 0.0] [0 1 1.0 0.0] [0 1 1.0 0.0] [0 1 1.0 0.0] [0 1 1.0 0.0] [0 1 1.0 0.0] [0 1 1.0 0.0] [0 1 1.0 0.0] [0 1 1.0 0.0] [0 1 1.0 0.0] [0 1 1.0 0.0] [0 1 1.0 0.0] [0 1 1.0 0.0] [0 1 1.0 0.0] [0 1 1.0 0.0] [0 1 1.0 0.0] [0 1 1.0 0.0] [0 1 1.0 0.0] [0 1 1.0 0.0] [0 1 1.0 0.0] [0 1 1.0 0.0] [0 1 1.0 0.0] [0 1 1.0 0.0] [0 1 1.0 0.0] [0 1 1.0 0.0] [0 1 1.0 0.0] [0 1 1.0 0.0] [0 1 1.0 0.0] [0 1 1.0 0.0] [0 1 1.0 0.0] [0 1 1.0 0.0] [0 1 1.0 0.0] [0 1 1.0 0.0] [0 1 1.0 0.0] [0 1 1.0 0.0] [0 1 1.0 0.0]
[0 1 1.0 0.0] [0 1 1.0 0.0] [0 1 1.0 0.0] [0 1 1.0 0.0] [0 1 1.0 0.0] [0 1 1.0 0.0] [0 1 1.0 0.0] [0 1 1.0 0.0] [0 1 1.0 0.0] [0 1 1.0 0.0] [0 1 1.0 0.0] [0 1 1.0 0.0] [0 1 1.0 0.0] [0 1 1.0 0.0] [0 1 1.0 0.0] [0 1 1.0 0.0] [0 1 1.0 0.0] [0 1 1.0 0.0] [0 1 1.0 0.0] [0 1 1.0 0.0] [0 1 1.0 0.0] [0 1 1.0 0.0] [0 1 1.0 0.0] [0 1 1.0 0.0] [0 1 1.0 0.0] [0 1 1.0 0.0] [0 1 1.0 0.0] [0 1 1.0 0.0] [0 1 1.0 0.0] [0 1 1.0 0.0] [0 1 1.0 0.0] [0 1 1.0 0.0] [0 1 1.0 0.0] [0 1 1.0 0.0] [0 1 1.0 0.0] [0 1 1.0 0.0] [0 1 1.0 0.0] [0 1 1.0 0.0] [0 1 1.0 0.0] [0 1 1.0 0.0] [0 1 1.0 0.0] [0 1 1.0 0.0] [0 1 1.0 0.0] [0 1 1.0 0.0] [0 1 1.0 0.0] [0 1 1.0 0.0] [0 1 1.0 0.0] [0 1 1.0 0.0] [0 1 1.0 0.0] [0 1 1.0 0.0] [0 1 1.0 0.0] [0 1 1.0 0.0] [0 1 1.0 0.0] [0 1 1.0 0.0] [0 1 1.0 0.0] [0 1 1.0 0.0] [0 1 1.0 0.0] [0 1 1.0 0.0] [0 1 1.0 0.0] [0 1 1.0 0.0] [0 1 1.0 0.0] [0 1 1.0 0.0] [0 1 1.0 0.0] [0 1 1.0 0.0] [0 1 1.0 0.0] [0 1 1.0 0.0] [0 1 1.0 0.0] [0 1 1.0 0.0] [0 1 1.0 0.0] [0 1 1.0 0.0] [0 1 1.0 0.0] [0 1 1.0 0.0] [0 1 1.0 0.0] [0 1 1.0 0.0] [0 1 1.0 0.0] [0 1 1.0 0.0] [0 1 1.0 0.0] [0 1 1.0 0.0] [0 1 1.0 0.0] [0 1 1.0 0.0] [0 1 1.0 0.0] [0 1 1.0 0.0] [0 1 1.0 0.0] [0 1 1.0 0.0] [0 1 1.0 0.0] [0 1 1.0 0.0] [0 1 1.0 0.0] [0 1 1.0 0.0] [0 1 1.0 0.0] [0 1 1.0 0.0] [0 1 1.0 0.0] [0 1 1.0 0.0] [0 1 1.0 0.0] [0 1 1.0 0.0] [0 1 1.0 0.0] [0 1 1.0 0.0] [0 1 1.0 0.0] [0 1 1.0 0.0] [0 1 1.0 0.0] [0 1 1.0 0.0] [0 1 1.0 0.0] [0 1 1.0 0.0] [0 1 1.0 0.0] [0 1 1.0 0.0] [0 1 1.0 0.0] [0 1 1.0 0.0] [0 1 1.0 0.0] [0 1 1.0 0.0] [0 1 1.0 0.0] [0 1 1.0 0.0] [0 1 1.0 0.0] [0 1 1.0 0.0] [0 1 1.0 0.0] [0 1 1.0 0.0] [0 1 1.0 0.0] [0 1 1.0 0.0] [0 1 1.0 0.0] [0 1 1.0 0.0] [0 1 1.0 0.0] [0 1 1.0 0.0] [0 1 1.0 0.0] [0 1 1.0 0.0] [0 1 1.0 0.0] [0 1 1.0 0.0] [0 1 1.0 0.0] [0 1 1.0 0.0] [0 1 1.0 0.0] [0 1 1.0 0.0] [0 1 1.0 0.0] [0 1 1.0 0.0] [0 1 1.0 0.0] [0 1 1.0 0.0] [0 1 1.0 0.0] [0 1 1.0 0.0] [0 1 1.0 0.0] [0 1 1.0 0.0] [0 1 1.0 0.0] [0 1 1.0 0.0] [0 1 1.0 0.0] [0 1 1.0 0.0] [0 1 1.0 0.0] [0 1 1.0 0.0] [0 1 1.0 0.0] [0 1 1.0 0.0] [0 1 1.0 0.0] [0 1 1.0 0.0] [0 1 1.0 0.0] [0 1 1.0 0.0] [0 1 1.0 0.0] [0 1 1.0 0.0] [0 1 1.0 0.0] [0 1 1.0 0.0] [0 1 1.0 0.0] [0 1 1.0 0.0] [0 1 1.0 0.0] [0 1 1.0 0.0] [0 1 1.0 0.0] [0 1 1.0 0.0] [0 1 1.0 0.0] [0 1 1.0 0.0]
[0 1 1.0 0.0] [0 1 1.0 0.0] [0 1 1.0 0.0] [0 1 1.0 0.0] [0 1 1.0 0.0] [0 1 1.0 0.0] [0 1 1.0 0.0] [0 1 1.0 0.0] [0 1 1.0 0.0] [0 1 1.0 0.0] [0 1 1.0 0.0] [0 1 1.0 0.0] [0 1 1.0 0.0] [0 1 1.0 0.0] [0 1 1.0 0.0] [0 1 1.0 0.0] [0 1 1.0 0.0] [0 1 1.0 0.0] [0 1 1.0 0.0] [0 1 1.0 0.0] [0 1 1.0 0.0] [0 1 1.0 0.0] [0 1 1.0 0.0] [0 1 1.0 0.0] [0 1 1.0 0.0] [0 1 1.0 0.0] [0 1 1.0 0.0] [0 1 1.0 0.0] [0 1 1.0 0.0] [0 1 1.0 0.0] [0 1 1.0 0.0] [0 1 1.0 0.0] [0 1 1.0 0.0] [0 1 1.0 0.0] [0 1 1.0 0.0] [0 1 1.0 0.0] [0 1 1.0 0.0] [0 1 1.0 0.0] [0 1 1.0 0.0] [0 1 1.0 0.0] [0 1 1.0 0.0] [0 1 1.0 0.0] [0 1 1.0 0.0] [0 1 1.0 0.0] [0 1 1.0 0.0] [0 1 1.0 0.0] [0 1 1.0 0.0] [0 1 1.0 0.0] [0 1 1.0 0.0] [0 1 1.0 0.0] [0 1 1.0 0.0] [0 1 1.0 0.0] [0 1 1.0 0.0] [0 1 1.0 0.0] [0 1 1.0 0.0] [0 1 1.0 0.0] [0 1 1.0 0.0] [0 1 1.0 0.0] [0 1 1.0 0.0] [0 1 1.0 0.0] [0 1 1.0 0.0] [0 1 1.0 0.0] [0 1 1.0 0.0] [0 1 1.0 0.0] [0 1 1.0 0.0] [0 1 1.0 0.0] [0 1 1.0 0.0] [0 1 1.0 0.0] [0 1 1.0 0.0] [0 1 1.0 0.0] [0 1 1.0 0.0] [0 1 1.0 0.0] [0 1 1.0 0.0] [0 1 1.0 0.0] [0 1 1.0 0.0] [0 1 1.0 0.0] [0 1 1.0 0.0] [0 1 1.0 0.0] [0 1 1.0 0.0] [0 1 1.0 0.0] [0 1 1.0 0.0] [0 1 1.0 0.0] [0 1 1.0 0.0] [0 1 1.0 0.0] [0 1 1.0 0.0] [0 1 1.0 0.0] [0 1 1.0 0.0] [0 1 1.0 0.0] [0 1 1.0 0.0] [0 1 1.0 0.0] [0 1 1.0 0.0] [0 1 1.0 0.0] [0 1 1.0 0.0] [0 1 1.0 0.0] [0 1 1.0 0.0] [0 1 1.0 0.0] [0 1 1.0 0.0] [0 1 1.0 0.0] [0 1 1.0 0.0] [0 1 1.0 0.0] [0 1 1.0 0.0] [0 1 1.0 0.0] [0 1 1.0 0.0] [0 1 1.0 0.0] [0 1 1.0 0.0] [0 1 1.0 0.0] [0 1 1.0 0.0] [0 1 1.0 0.0] [0 1 1.0 0.0] [0 1 1.0 0.0] [0 1 1.0 0.0] [0 1 1.0 0.0] [0 1 1.0 0.0] [0 1 1.0 0.0] [0 1 1.0 0.0] [0 1 1.0 0.0] [0 1 1.0 0.0] [0 1 1.0 0.0] [0 1 1.0 0.0] [0 1 1.0 0.0] [0 1 1.0 0.0] [0 1 1.0 0.0] [0 1 1.0 0.0] [0 1 1.0 0.0] [0 1 1.0 0.0] [0 1 1.0 0.0] [0 1 1.0 0.0] [0 1 1.0 0.0] [0 1 1.0 0.0] [0 1 1.0 0.0] [0 1 1.0 0.0] [0 1 1.0 0.0] [0 1 1.0 0.0] [0 1 1.0 0.0] [0 1 1.0 0.0] [0 1 1.0 0.0] [0 1 1.0 0.0] [0 1 1.0 0.0] [0 1 1.0 0.0] [0 1 1.0 0.0] [0 1 1.0 0.0] [0 1 1.0 0.0] [0 1 1.0 0.0] [0 1 1.0 0.0] [0 1 1.0 0.0] [0 1 1.0 0.0] [0 1 1.0 0.0] [0 1 1.0 0.0] [0 1 1.0 0.0] [0 1 1.0 0.0] [0 1 1.0 0.0] [0 1 1.0 0.0] [0 1 1.0 0.0] [0 1 1.0 0.0] [0 1 1.0 0.0] [0 1 1.0 0.0] [0 1 1.0 0.0] [0 1 1.0 0.0] [0 1 1.0 0.0] [0 1 1.0 0.0]
[0 1 1.0 0.0] [0 1 1.0 0.0] [0 1 1.0 0.0] [0 1 1.0 0.0] [0 1 1.0 0.0] [0 1 1.0 0.0] [0 1 1.0 0.0] [0 1 1.0 0.0] [0 1 1.0 0.0] [0 1 1.0 0.0] [0 1 1.0 0.0] [0 1 1.0 0.0] [0 1 1.0 0.0] [0 1 1.0 0.0] [0 1 1.0 0.0] [0 1 1.0 0.0] [0 1 1.0 0.0] [0 1 1.0 0.0] [0 1 1.0 0.0] [0 1 1.0 0.0] [0 1 1.0 0.0] [0 1 1.0 0.0] [0 1 1.0 0.0] [0 1 1.0 0.0] [0 1 1.0 0.0] [0 1 1.0 0.0] [0 1 1.0 0.0] [0 1 1.0 0.0] [0 1 1.0 0.0] [0 1 1.0 0.0] [0 1 1.0 0.0] [0 1 1.0 0.0] [0 1 1.0 0.0] [0 1 1.0 0.0] [0 1 1.0 0.0] [0 1 1.0 0.0] [0 1 1.0 0.0] [0 1 1.0 0.0] [0 1 1.0 0.0] [0 1 1.0 0.0] [0 1 1.0 0.0] [0 1 1.0 0.0] [0 1 1.0 0.0] [0 1 1.0 0.0] [0 1 1.0 0.0] [0 1 1.0 0.0] [0 1 1.0 0.0] [0 1 1.0 0.0] [0 1 1.0 0.0] [0 1 1.0 0.0] [0 1 1.0 0.0] [0 1 1.0 0.0] [0 1 1.0 0.0] [0 1 1.0 0.0] [0 1 1.0 0.0] [0 1 1.0 0.0] [0 1 1.0 0.0] [0 1 1.0 0.0] [0 1 1.0 0.0] [0 1 1.0 0.0] [0 1 1.0 0.0] [0 1 1.0 0.0] [0 1 1.0 0.0] [0 1 1.0 0.0] [0 1 1.0 0.0] [0 1 1.0 0.0] [0 1 1.0 0.0] [0 1 1.0 0.0] [0 1 1.0 0.0] [0 1 1.0 0.0] [0 1 1.0 0.0] [0 1 1.0 0.0] [0 1 1.0 0.0] [0 1 1.0 0.0] [0 1 1.0 0.0] [0 1 1.0 0.0] [0 1 1.0 0.0] [0 1 1.0 0.0] [0 1 1.0 0.0] [0 1 1.0 0.0] [0 1 1.0 0.0] [0 1 1.0 0.0] [0 1 1.0 0.0] [0 1 1.0 0.0] [0 1 1.0 0.0] [0 1 1.0 0.0] [0 1 1.0 0.0] [0 1 1.0 0.0] [0 1 1.0 0.0] [0 1 1.0 0.0] [0 1 1.0 0.0] [0 1 1.0 0.0] [0 1 1.0 0.0] [0 1 1.0 0.0] [0 1 1.0 0.0] [0 1 1.0 0.0] [0 1 1.0 0.0] [0 1 1.0 0.0] [0 1 1.0 0.0] [0 1 1.0 0.0] [0 1 1.0 0.0] [0 1 1.0 0.0] [0 1 1.0 0.0] [0 1 1.0 0.0] [0 1 1.0 0.0] [0 1 1.0 0.0] [0 1 1.0 0.0] [0 1 1.0 0.0] [0 1 1.0 0.0] [0 1 1.0 0.0] [0 1 1.0 0.0] [0 1 1.0 0.0] [0 1 1.0 0.0] [0 1 1.0 0.0] [0 1 1.0 0.0] [0 1 1.0 0.0] [0 1 1.0 0.0] [0 1 1.0 0.0] [0 1 1.0 0.0] [0 1 1.0 0.0] [0 1 1.0 0.0] [0 1 1.0 0.0] [0 1 1.0 0.0] [0 1 1.0 0.0] [0 1 1.0 0.0] [0 1 1.0 0.0] [0 1 1.0 0.0] [0 1 1.0 0.0] [0 1 1.0 0.0] [0 1 1.0 0.0] [0 1 1.0 0.0] [0 1 1.0 0.0] [0 1 1.0 0.0] [0 1 1.0 0.0] [0 1 1.0 0.0] [0 1 1.0 0.0] [0 1 1.0 0.0] [0 1 1.0 0.0] [0 1 1.0 0.0] [0 1 1.0 0.0] [0 1 1.0 0.0] [0 1 1.0 0.0] [0 1 1.0 0.0] [0 1 1.0 0.0] [0 1 1.0 0.0] [0 1 1.0 0.0] [0 1 1.0 0.0] [0 1 1.0 0.0] [0 1 1.0 0.0] [0 1 1.0 0.0] [0 1 1.0 0.0] [0 1 1.0 0.0] [0 1 1.0 0.0] [0 1 1.0 0.0] [0 1 1.0 0.0] [0 1 1.0 0.0] [0 1 1.0 0.0] [0 1 1.0 0.0] [0 1 1.0 0.0] [0 1 1.0 0.0]
[0 1 1.0 0.0] [0 1 1.0 0.0] [0 1 1.0 0.0] [0 1 1.0 0.0] [0 1 1.0 0.0] [0 1 1.0 0.0] [0 1 1.0 0.0] [0 1 1.0 0.0] [0 1 1.0 0.0] [0 1 1.0 0.0] [0 1 1.0 0.0] [0 1 1.0 0.0] [0 1 1.0 0.0] [0 1 1.0 0.0] [0 1 1.0 0.0] [0 1 1.0 0.0] [0 1 1.0 0.0] [0 1 1.0 0.0] [0 1 1.0 0.0] [0 1 1.0 0.0] [0 1 1.0 0.0] [0 1 1.0 0.0] [0 1 1.0 0.0] [0 1 1.0 0.0] [0 1 1.0 0.0] [0 1 1.0 0.0] [0 1 1.0 0.0] [0 1 1.0 0.0] [0 1 1.0 0.0] [0 1 1.0 0.0] [0 1 1.0 0.0] [0 1 1.0 0.0] [0 1 1.0 0.0] [0 1 1.0 0.0] [0 1 1.0 0.0] [0 1 1.0 0.0] [0 1 1.0 0.0] [0 1 1.0 0.0] [0 1 1.0 0.0] [0 1 1.0 0.0] [0 1 1.0 0.0] [0 1 1.0 0.0] [0 1 1.0 0.0] [0 1 1.0 0.0] [0 1 1.0 0.0] [0 1 1.0 0.0] [0 1 1.0 0.0] [0 1 1.0 0.0] [0 1 1.0 0.0] [0 1 1.0 0.0] [0 1 1.0 0.0] [0 1 1.0 0.0] [0 1 1.0 0.0] [0 1 1.0 0.0] [0 1 1.0 0.0] [0 1 1.0 0.0] [0 1 1.0 0.0] [0 1 1.0 0.0] [0 1 1.0 0.0] [0 1 1.0 0.0] [0 1 1.0 0.0] [0 1 1.0 0.0] [0 1 1.0 0.0] [0 1 1.0 0.0] [0 1 1.0 0.0] [0 1 1.0 0.0] [0 1 1.0 0.0] [0 1 1.0 0.0] [0 1 1.0 0.0] [0 1 1.0 0.0] [0 1 1.0 0.0] [0 1 1.0 0.0] [0 1 1.0 0.0] [0 1 1.0 0.0] [0 1 1.0 0.0] [0 1 1.0 0.0] [0 1 1.0 0.0] [0 1 1.0 0.0] [0 1 1.0 0.0] [0 1 1.0 0.0] [0 1 1.0 0.0] [0 1 1.0 0.0] [0 1 1.0 0.0] [0 1 1.0 0.0] [0 1 1.0 0.0] [0 1 1.0 0.0] [0 1 1.0 0.0] [0 1 1.0 0.0] [0 1 1.0 0.0] [0 1 1.0 0.0] [0 1 1.0 0.0] [0 1 1.0 0.0] [0 1 1.0 0.0] [0 1 1.0 0.0] [0 1 1.0 0.0] [0 1 1.0 0.0] [0 1 1.0 0.0] [0 1 1.0 0.0] [0 1 1.0 0.0] [0 1 1.0 0.0] [0 1 1.0 0.0] [0 1 1.0 0.0] [0 1 1.0 0.0] [0 1 1.0 0.0] [0 1 1.0 0.0] [0 1 1.0 0.0] [0 1 1.0 0.0] [0 1 1.0 0.0] [0 1 1.0 0.0] [0 1 1.0 0.0] [0 1 1.0 0.0] [0 1 1.0 0.0] [0 1 1.0 0.0] [0 1 1.0 0.0] [0 1 1.0 0.0] [0 1 1.0 0.0] [0 1 1.0 0.0] [0 1 1.0 0.0] [0 1 1.0 0.0] [0 1 1.0 0.0] [0 1 1.0 0.0] [0 1 1.0 0.0] [0 1 1.0 0.0] [0 1 1.0 0.0] [0 1 1.0 0.0] [0 1 1.0 0.0] [0 1 1.0 0.0] [0 1 1.0 0.0] [0 1 1.0 0.0] [0 1 1.0 0.0] [0 1 1.0 0.0] [0 1 1.0 0.0] [0 1 1.0 0.0] [0 1 1.0 0.0] [0 1 1.0 0.0] [0 1 1.0 0.0] [0 1 1.0 0.0] [0 1 1.0 0.0] [0 1 1.0 0.0] [0 1 1.0 0.0] [0 1 1.0 0.0] [0 1 1.0 0.0] [0 1 1.0 0.0] [0 1 1.0 0.0] [0 1 1.0 0.0] [0 1 1.0 0.0] [0 1 1.0 0.0] [0 1 1.0 0.0] [0 1 1.0 0.0] [0 1 1.0 0.0] [0 1 1.0 0.0] [0 1 1.0 0.0] [0 1 1.0 0.0] [0 1 1.0 0.0] [0 1 1.0 0.0] [0 1 1.0 0.0] [0 1 1.0 0.0] [0 1 1.0 0.0] [0 1 1.0 0.0] [0 1 1.0 0.0]
[0 1 1.0 0.0] [0 1 1.0 0.0] [0 1 1.0 0.0] [0 1 1.0 0.0] [0 1 1.0 0.0] [0 1 1.0 0.0] [0 1 1.0 0.0] [0 1 1.0 0.0] [0 1 1.0 0.0] [0 1 1.0 0.0] [0 1 1.0 0.0] [0 1 1.0 0.0] [0 1 1.0 0.0] [0 1 1.0 0.0] [0 1 1.0 0.0] [0 1 1.0 0.0] [0 1 1.0 0.0] [0 1 1.0 0.0] [0 1 1.0 0.0] [0 1 1.0 0.0] [0 1 1.0 0.0] [0 1 1.0 0.0] [0 1 1.0 0.0] [0 1 1.0 0.0] [0 1 1.0 0.0] [0 1 1.0 0.0] [0 1 1.0 0.0] [0 1 1.0 0.0] [0 1 1.0 0.0] [0 1 1.0 0.0] [0 1 1.0 0.0] [0 1 1.0 0.0] [0 1 1.0 0.0] [0 1 1.0 0.0] [0 1 1.0 0.0] [0 1 1.0 0.0] [0 1 1.0 0.0] [0 1 1.0 0.0] [0 1 1.0 0.0] [0 1 1.0 0.0] [0 1 1.0 0.0] [0 1 1.0 0.0] [0 1 1.0 0.0] [0 1 1.0 0.0] [0 1 1.0 0.0] [0 1 1.0 0.0] [0 1 1.0 0.0] [0 1 1.0 0.0] [0 1 1.0 0.0] [0 1 1.0 0.0] [0 1 1.0 0.0] [0 1 1.0 0.0] [0 1 1.0 0.0] [0 1 1.0 0.0] [0 1 1.0 0.0] [0 1 1.0 0.0] [0 1 1.0 0.0] [0 1 1.0 0.0] [0 1 1.0 0.0] [0 1 1.0 0.0] [0 1 1.0 0.0] [0 1 1.0 0.0] [0 1 1.0 0.0] [0 1 1.0 0.0] [0 1 1.0 0.0] [0 1 1.0 0.0] [0 1 1.0 0.0] [0 1 1.0 0.0] [0 1 1.0 0.0] [0 1 1.0 0.0] [0 1 1.0 0.0] [0 1 1.0 0.0] [0 1 1.0 0.0] [0 1 1.0 0.0] [0 1 1.0 0.0] [0 1 1.0 0.0] [0 1 1.0 0.0] [0 1 1.0 0.0] [0 1 1.0 0.0] [0 1 1.0 0.0] [0 1 1.0 0.0] [0 1 1.0 0.0] [0 1 1.0 0.0] [0 1 1.0 0.0] [0 1 1.0 0.0] [0 1 1.0 0.0] [0 1 1.0 0.0] [0 1 1.0 0.0] [0 1 1.0 0.0] [0 1 1.0 0.0] [0 1 1.0 0.0] [0 1 1.0 0.0] [0 1 1.0 0.0] [0 1 1.0 0.0] [0 1 1.0 0.0] [0 1 1.0 0.0] [0 1 1.0 0.0] [0 1 1.0 0.0] [0 1 1.0 0.0] [0 1 1.0 0.0] [0 1 1.0 0.0] [0 1 1.0 0.0] [0 1 1.0 0.0] [0 1 1.0 0.0] [0 1 1.0 0.0] [0 1 1.0 0.0] [0 1 1.0 0.0] [0 1 1.0 0.0] [0 1 1.0 0.0] [0 1 1.0 0.0] [0 1 1.0 0.0] [0 1 1.0 0.0] [0 1 1.0 0.0] [0 1 1.0 0.0] [0 1 1.0 0.0] [0 1 1.0 0.0] [0 1 1.0 0.0] [0 1 1.0 0.0] [0 1 1.0 0.0] [0 1 1.0 0.0] [0 1 1.0 0.0] [0 1 1.0 0.0] [0 1 1.0 0.0] [0 1 1.0 0.0] [0 1 1.0 0.0] [0 1 1.0 0.0] [0 1 1.0 0.0] [0 1 1.0 0.0] [0 1 1.0 0.0] [0 1 1.0 0.0] [0 1 1.0 0.0] [0 1 1.0 0.0] [0 1 1.0 0.0] [0 1 1.0 0.0] [0 1 1.0 0.0] [0 1 1.0 0.0] [0 1 1.0 0.0] [0 1 1.0 0.0] [0 1 1.0 0.0] [0 1 1.0 0.0] [0 1 1.0 0.0] [0 1 1.0 0.0] [0 1 1.0 0.0] [0 1 1.0 0.0] [0 1 1.0 0.0] [0 1 1.0 0.0] [0 1 1.0 0.0] [0 1 1.0 0.0] [0 1 1.0 0.0] [0 1 1.0 0.0] [0 1 1.0 0.0] [0 1 1.0 0.0] [0 1 1.0 0.0] [0 1 1.0 0.0] [0 1 1.0 0.0] [0 1 1.0 0.0] [0 1 1.0 0.0] [0 1 1.0 0.0] [0 1 1.0 0.0] [0 1 1.0 0.0]
[0 1 1.0 0.0] [0 1 1.0 0.0] [0 1 1.0 0.0] [0 1 1.0 0.0] [0 1 1.0 0.0] [0 1 1.0 0.0] [0 1 1.0 0.0] [0 1 1.0 0.0] [0 1 1.0 0.0] [0 1 1.0 0.0] [0 1 1.0 0.0] [0 1 1.0 0.0] [0 1 1.0 0.0] [0 1 1.0 0.0] [0 1 1.0 0.0] [0 1 1.0 0.0] [0 1 1.0 0.0] [0 1 1.0 0.0] [0 1 1.0 0.0] [0 1 1.0 0.0] [0 1 1.0 0.0] [0 1 1.0 0.0] [0 1 1.0 0.0] [0 1 1.0 0.0] [0 1 1.0 0.0] [0 1 1.0 0.0] [0 1 1.0 0.0] [0 1 1.0 0.0] [0 1 1.0 0.0] [0 1 1.0 0.0] [0 1 1.0 0.0] [0 1 1.0 0.0] [0 1 1.0 0.0] [0 1 1.0 0.0] [0 1 1.0 0.0] [0 1 1.0 0.0] [0 1 1.0 0.0] [0 1 1.0 0.0] [0 1 1.0 0.0] [0 1 1.0 0.0] [0 1 1.0 0.0] [0 1 1.0 0.0] [0 1 1.0 0.0] [0 1 1.0 0.0] [0 1 1.0 0.0] [0 1 1.0 0.0] [0 1 1.0 0.0] [0 1 1.0 0.0] [0 1 1.0 0.0] [0 1 1.0 0.0] [0 1 1.0 0.0] [0 1 1.0 0.0] [0 1 1.0 0.0] [0 1 1.0 0.0] [0 1 1.0 0.0] [0 1 1.0 0.0] [0 1 1.0 0.0] [0 1 1.0 0.0] [0 1 1.0 0.0] [0 1 1.0 0.0] [0 1 1.0 0.0] [0 1 1.0 0.0] [0 1 1.0 0.0] [0 1 1.0 0.0] [0 1 1.0 0.0] [0 1 1.0 0.0] [0 1 1.0 0.0] [0 1 1.0 0.0] [0 1 1.0 0.0] [0 1 1.0 0.0] [0 1 1.0 0.0] [0 1 1.0 0.0] [0 1 1.0 0.0] [0 1 1.0 0.0] [0 1 1.0 0.0] [0 1 1.0 0.0] [0 1 1.0 0.0] [0 1 1.0 0.0] [0 1 1.0 0.0] [0 1 1.0 0.0] [0 1 1.0 0.0] [0 1 1.0 0.0] [0 1 1.0 0.0] [0 1 1.0 0.0] [0 1 1.0 0.0] [0 1 1.0 0.0] [0 1 1.0 0.0] [0 1 1.0 0.0] [0 1 1.0 0.0] [0 1 1.0 0.0] [0 1 1.0 0.0] [0 1 1.0 0.0] [0 1 1.0 0.0] [0 1 1.0 0.0] [0 1 1.0 0.0] [0 1 1.0 0.0] [0 1 1.0 0.0] [0 1 1.0 0.0] [0 1 1.0 0.0] [0 1 1.0 0.0] [0 1 1.0 0.0] [0 1 1.0 0.0] [0 1 1.0 0.0] [0 1 1.0 0.0] [0 1 1.0 0.0] [0 1 1.0 0.0] [0 1 1.0 0.0] [0 1 1.0 0.0] [0 1 1.0 0.0] [0 1 1.0 0.0] [0 1 1.0 0.0] [0 1 1.0 0.0] [0 1 1.0 0.0] [0 1 1.0 0.0] [0 1 1.0 0.0] [0 1 1.0 0.0] [0 1 1.0 0.0] [0 1 1.0 0.0] [0 1 1.0 0.0] [0 1 1.0 0.0] [0 1 1.0 0.0] [0 1 1.0 0.0] [0 1 1.0 0.0] [0 1 1.0 0.0] [0 1 1.0 0.0] [0 1 1.0 0.0] [0 1 1.0 0.0] [0 1 1.0 0.0] [0 1 1.0 0.0] [0 1 1.0 0.0] [0 1 1.0 0.0] [0 1 1.0 0.0] [0 1 1.0 0.0] [0 1 1.0 0.0] [0 1 1.0 0.0] [0 1 1.0 0.0] [0 1 1.0 0.0] [0 1 1.0 0.0] [0 1 1.0 0.0] [0 1 1.0 0.0] [0 1 1.0 0.0] [0 1 1.0 0.0] [0 1 1.0 0.0] [0 1 1.0 0.0] [0 1 1.0 0.0] [0 1 1.0 0.0] [0 1 1.0 0.0] [0 1 1.0 0.0] [0 1 1.0 0.0] [0 1 1.0 0.0] [0 1 1.0 0.0] [0 1 1.0 0.0] [0 1 1.0 0.0] [0 1 1.0 0.0] [0 1 1.0 0.0] [0 1 1.0 0.0] [0 1 1.0 0.0] [0 1 1.0 0.0] [0 1 1.0 0.0] [0 1 1.0 0.0]
[0 1 1.0 0.0] [0 1 1.0 0.0] [0 1 1.0 0.0] [0 1 1.0 0.0] [0 1 1.0 0.0] [0 1 1.0 0.0] [0 1 1.0 0.0] [0 1 1.0 0.0] [0 1 1.0 0.0] [0 1 1.0 0.0] [0 1 1.0 0.0] [0 1 1.0 0.0] [0 1 1.0 0.0] [0 1 1.0 0.0] [0 1 1.0 0.0] [0 1 1.0 0.0] [0 1 1.0 0.0] [0 1 1.0 0.0] [0 1 1.0 0.0] [0 1 1.0 0.0] [0 1 1.0 0.0] [0 1 1.0 0.0] [0 1 1.0 0.0] [0 1 1.0 0.0] [0 1 1.0 0.0] [0 1 1.0 0.0] [0 1 1.0 0.0] [0 1 1.0 0.0] [0 1 1.0 0.0] [0 1 1.0 0.0] [0 1 1.0 0.0] [0 1 1.0 0.0] [0 1 1.0 0.0] [0 1 1.0 0.0] [0 1 1.0 0.0] [0 1 1.0 0.0] [0 1 1.0 0.0] [0 1 1.0 0.0] [0 1 1.0 0.0] [0 1 1.0 0.0] [0 1 1.0 0.0] [0 1 1.0 0.0] [0 1 1.0 0.0] [0 1 1.0 0.0] [0 1 1.0 0.0] [0 1 1.0 0.0] [0 1 1.0 0.0] [0 1 1.0 0.0] [0 1 1.0 0.0] [0 1 1.0 0.0] [0 1 1.0 0.0] [0 1 1.0 0.0] [0 1 1.0 0.0] [0 1 1.0 0.0] [0 1 1.0 0.0] [0 1 1.0 0.0] [0 1 1.0 0.0] [0 1 1.0 0.0] [0 1 1.0 0.0] [0 1 1.0 0.0] [0 1 1.0 0.0] [0 1 1.0 0.0] [0 1 1.0 0.0] [0 1 1.0 0.0] [0 1 1.0 0.0] [0 1 1.0 0.0] [0 1 1.0 0.0] [0 1 1.0 0.0] [0 1 1.0 0.0] [0 1 1.0 0.0] [0 1 1.0 0.0] [0 1 1.0 0.0] [0 1 1.0 0.0] [0 1 1.0 0.0] [0 1 1.0 0.0] [0 1 1.0 0.0] [0 1 1.0 0.0] [0 1 1.0 0.0] [0 1 1.0 0.0] [0 1 1.0 0.0] [0 1 1.0 0.0] [0 1 1.0 0.0] [0 1 1.0 0.0] [0 1 1.0 0.0] [0 1 1.0 0.0] [0 1 1.0 0.0] [0 1 1.0 0.0] [0 1 1.0 0.0] [0 1 1.0 0.0] [0 1 1.0 0.0] [0 1 1.0 0.0] [0 1 1.0 0.0] [0 1 1.0 0.0] [0 1 1.0 0.0] [0 1 1.0 0.0] [0 1 1.0 0.0] [0 1 1.0 0.0] [0 1 1.0 0.0] [0 1 1.0 0.0] [0 1 1.0 0.0] [0 1 1.0 0.0] [0 1 1.0 0.0] [0 1 1.0 0.0] [0 1 1.0 0.0] [0 1 1.0 0.0] [0 1 1.0 0.0] [0 1 1.0 0.0] [0 1 1.0 0.0] [0 1 1.0 0.0] [0 1 1.0 0.0] [0 1 1.0 0.0] [0 1 1.0 0.0] [0 1 1.0 0.0] [0 1 1.0 0.0] [0 1 1.0 0.0] [0 1 1.0 0.0] [0 1 1.0 0.0] [0 1 1.0 0.0] [0 1 1.0 0.0] [0 1 1.0 0.0] [0 1 1.0 0.0] [0 1 1.0 0.0] [0 1 1.0 0.0] [0 1 1.0 0.0] [0 1 1.0 0.0] [0 1 1.0 0.0] [0 1 1.0 0.0] [0 1 1.0 0.0] [0 1 1.0 0.0] [0 1 1.0 0.0] [0 1 1.0 0.0] [0 1 1.0 0.0] [0 1 1.0 0.0] [0 1 1.0 0.0] [0 1 1.0 0.0] [0 1 1.0 0.0] [0 1 1.0 0.0] [0 1 1.0 0.0] [0 1 1.0 0.0] [0 1 1.0 0.0] [0 1 1.0 0.0] [0 1 1.0 0.0] [0 1 1.0 0.0] [0 1 1.0 0.0] [0 1 1.0 0.0] [0 1 1.0 0.0] [0 1 1.0 0.0] [0 1 1.0 0.0] [0 1 1.0 0.0] [0 1 1.0 0.0] [0 1 1.0 0.0] [0 1 1.0 0.0] [0 1 1.0 0.0] [0 1 1.0 0.0] [0 1 1.0 0.0] [0 1 1.0 0.0] [0 1 1.0 0.0] [0 1 1.0 0.0] [0 1 1.0 0.0] [0 1 1.0 0.0]
[0 1 1.0 0.0] [0 1 1.0 0.0] [0 1 1.0 0.0] [0 1 1.0 0.0] [0 1 1.0 0.0] [0 1 1.0 0.0] [0 1 1.0 0.0] [0 1 1.0 0.0] [0 1 1.0 0.0] [0 1 1.0 0.0] [0 1 1.0 0.0] [0 1 1.0 0.0] [0 1 1.0 0.0] [0 1 1.0 0.0] [0 1 1.0 0.0] [0 1 1.0 0.0] [0 1 1.0 0.0] [0 1 1.0 0.0] [0 1 1.0 0.0] [0 1 1.0 0.0] [0 1 1.0 0.0] [0 1 1.0 0.0] [0 1 1.0 0.0] [0 1 1.0 0.0] [0 1 1.0 0.0] [0 1 1.0 0.0] [0 1 1.0 0.0] [0 1 1.0 0.0] [0 1 1.0 0.0] [0 1 1.0 0.0] [0 1 1.0 0.0] [0 1 1.0 0.0] [0 1 1.0 0.0] [0 1 1.0 0.0] [0 1 1.0 0.0] [0 1 1.0 0.0] [0 1 1.0 0.0] [0 1 1.0 0.0] [0 1 1.0 0.0] [0 1 1.0 0.0] [0 1 1.0 0.0] [0 1 1.0 0.0] [0 1 1.0 0.0] [0 1 1.0 0.0] [0 1 1.0 0.0] [0 1 1.0 0.0] [0 1 1.0 0.0] [0 1 1.0 0.0] [0 1 1.0 0.0] [0 1 1.0 0.0] [0 1 1.0 0.0] [0 1 1.0 0.0] [0 1 1.0 0.0] [0 1 1.0 0.0] [0 1 1.0 0.0] [0 1 1.0 0.0] [0 1 1.0 0.0] [0 1 1.0 0.0] [0 1 1.0 0.0] [0 1 1.0 0.0] [0 1 1.0 0.0] [0 1 1.0 0.0] [0 1 1.0 0.0] [0 1 1.0 0.0] [0 1 1.0 0.0] [0 1 1.0 0.0] [0 1 1.0 0.0] [0 1 1.0 0.0] [0 1 1.0 0.0] [0 1 1.0 0.0] [0 1 1.0 0.0] [0 1 1.0 0.0] [0 1 1.0 0.0] [0 1 1.0 0.0] [0 1 1.0 0.0] [0 1 1.0 0.0] [0 1 1.0 0.0] [0 1 1.0 0.0] [0 1 1.0 0.0] [0 1 1.0 0.0] [0 1 1.0 0.0] [0 1 1.0 0.0] [0 1 1.0 0.0] [0 1 1.0 0.0] [0 1 1.0 0.0] [0 1 1.0 0.0] [0 1 1.0 0.0] [0 1 1.0 0.0] [0 1 1.0 0.0] [0 1 1.0 0.0] [0 1 1.0 0.0] [0 1 1.0 0.0] [0 1 1.0 0.0] [0 1 1.0 0.0] [0 1 1.0 0.0] [0 1 1.0 0.0] [0 1 1.0 0.0] [0 1 1.0 0.0] [0 1 1.0 0.0] [0 1 1.0 0.0] [0 1 1.0 0.0] [0 1 1.0 0.0] [0 1 1.0 0.0] [0 1 1.0 0.0] [0 1 1.0 0.0] [0 1 1.0 0.0] [0 1 1.0 0.0] [0 1 1.0 0.0] [0 1 1.0 0.0] [0 1 1.0 0.0] [0 1 1.0 0.0] [0 1 1.0 0.0] [0 1 1.0 0.0] [0 1 1.0 0.0] [0 1 1.0 0.0] [0 1 1.0 0.0] [0 1 1.0 0.0] [0 1 1.0 0.0] [0 1 1.0 0.0] [0 1 1.0 0.0] [0 1 1.0 0.0] [0 1 1.0 0.0] [0 1 1.0 0.0] [0 1 1.0 0.0] [0 1 1.0 0.0] [0 1 1.0 0.0] [0 1 1.0 0.0] [0 1 1.0 0.0] [0 1 1.0 0.0] [0 1 1.0 0.0] [0 1 1.0 0.0] [0 1 1.0 0.0] [0 1 1.0 0.0] [0 1 1.0 0.0] [0 1 1.0 0.0] [0 1 1.0 0.0] [0 1 1.0 0.0] [0 1 1.0 0.0] [0 1 1.0 0.0] [0 1 1.0 0.0] [0 1 1.0 0.0] [0 1 1.0 0.0] [0 1 1.0 0.0] [0 1 1.0 0.0] [0 1 1.0 0.0] [0 1 1.0 0.0] [0 1 1.0 0.0] [0 1 1.0 0.0] [0 1 1.0 0.0] [0 1 1.0 0.0] [0 1 1.0 0.0] [0 1 1.0 0.0] [0 1 1.0 0.0] [0 1 1.0 0.0] [0 1 1.0 0.0] [0 1 1.0 0.0] [0 1 1.0 0.0] [0 1 1.0 0.0] [0 1 1.0 0.0] [0 1 1.0 0.0]
[0 1 1.0 0.0] [0 1 1.0 0.0] [0 1 1.0 0.0] [0 1 1.0 0.0] [0 1 1.0 0.0] [0 1 1.0 0.0] [0 1 1.0 0.0] [0 1 1.0 0.0] [0 1 1.0 0.0] [0 1 1.0 0.0] [0 1 1.0 0.0] [0 1 1.0 0.0] [0 1 1.0 0.0] [0 1 1.0 0.0] [0 1 1.0 0.0] [0 1 1.0 0.0] [0 1 1.0 0.0] [0 1 1.0 0.0] [0 1 1.0 0.0] [0 1 1.0 0.0] [0 1 1.0 0.0] [0 1 1.0 0.0] [0 1 1.0 0.0] [0 1 1.0 0.0] [0 1 1.0 0.0] [0 1 1.0 0.0] [0 1 1.0 0.0] [0 1 1.0 0.0] [0 1 1.0 0.0] [0 1 1.0 0.0] [0 1 1.0 0.0] [0 1 1.0 0.0] [0 1 1.0 0.0] [0 1 1.0 0.0] [0 1 1.0 0.0] [0 1 1.0 0.0] [0 1 1.0 0.0] [0 1 1.0 0.0] [0 1 1.0 0.0] [0 1 1.0 0.0] [0 1 1.0 0.0] [0 1 1.0 0.0] [0 1 1.0 0.0] [0 1 1.0 0.0] [0 1 1.0 0.0] [0 1 1.0 0.0] [0 1 1.0 0.0] [0 1 1.0 0.0] [0 1 1.0 0.0] [0 1 1.0 0.0] [0 1 1.0 0.0] [0 1 1.0 0.0] [0 1 1.0 0.0] [0 1 1.0 0.0] [0 1 1.0 0.0] [0 1 1.0 0.0] [0 1 1.0 0.0] [0 1 1.0 0.0] [0 1 1.0 0.0] [0 1 1.0 0.0] [0 1 1.0 0.0] [0 1 1.0 0.0] [0 1 1.0 0.0] [0 1 1.0 0.0] [0 1 1.0 0.0] [0 1 1.0 0.0] [0 1 1.0 0.0] [0 1 1.0 0.0] [0 1 1.0 0.0] [0 1 1.0 0.0] [0 1 1.0 0.0] [0 1 1.0 0.0] [0 1 1.0 0.0] [0 1 1.0 0.0] [0 1 1.0 0.0] [0 1 1.0 0.0] [0 1 1.0 0.0] [0 1 1.0 0.0] [0 1 1.0 0.0] [0 1 1.0 0.0] [0 1 1.0 0.0] [0 1 1.0 0.0] [0 1 1.0 0.0] [0 1 1.0 0.0] [0 1 1.0 0.0] [0 1 1.0 0.0] [0 1 1.0 0.0] [0 1 1.0 0.0] [0 1 1.0 0.0] [0 1 1.0 0.0] [0 1 1.0 0.0] [0 1 1.0 0.0] [0 1 1.0 0.0] [0 1 1.0 0.0] [0 1 1.0 0.0] [0 1 1.0 0.0] [0 1 1.0 0.0] [0 1 1.0 0.0] [0 1 1.0 0.0] [0 1 1.0 0.0] [0 1 1.0 0.0] [0 1 1.0 0.0] [0 1 1.0 0.0] [0 1 1.0 0.0] [0 1 1.0 0.0] [0 1 1.0 0.0] [0 1 1.0 0.0] [0 1 1.0 0.0] [0 1 1.0 0.0] [0 1 1.0 0.0] [0 1 1.0 0.0] [0 1 1.0 0.0] [0 1 1.0 0.0] [0 1 1.0 0.0] [0 1 1.0 0.0] [0 1 1.0 0.0] [0 1 1.0 0.0] [0 1 1.0 0.0] [0 1 1.0 0.0] [0 1 1.0 0.0] [0 1 1.0 0.0] [0 1 1.0 0.0] [0 1 1.0 0.0] [0 1 1.0 0.0] [0 1 1.0 0.0] [0 1 1.0 0.0] [0 1 1.0 0.0] [0 1 1.0 0.0] [0 1 1.0 0.0] [0 1 1.0 0.0] [0 1 1.0 0.0] [0 1 1.0 0.0] [0 1 1.0 0.0] [0 1 1.0 0.0] [0 1 1.0 0.0] [0 1 1.0 0.0] [0 1 1.0 0.0] [0 1 1.0 0.0] [0 1 1.0 0.0] [0 1 1.0 0.0] [0 1 1.0 0.0] [0 1 1.0 0.0] [0 1 1.0 0.0] [0 1 1.0 0.0] [0 1 1.0 0.0] [0 1 1.0 0.0] [0 1 1.0 0.0] [0 1 1.0 0.0] [0 1 1.0 0.0] [0 1 1.0 0.0] [0 1 1.0 0.0] [0 1 1.0 0.0] [0 1 1.0 0.0] [0 1 1.0 0.0] [0 1 1.0 0.0] [0 1 1.0 0.0] [0 1 1.0 0.0] [0 1 1.0 0.0] [0 1 1.0 0.0] [0 1 1.0 0.0]
[0 1 1.0 0.0] [0 1 1.0 0.0] [0 1 1.0 0.0] [0 1 1.0 0.0] [0 1 1.0 0.0] [0 1 1.0 0.0] [0 1 1.0 0.0] [0 1 1.0 0.0] [0 1 1.0 0.0] [0 1 1.0 0.0] [0 1 1.0 0.0] [0 1 1.0 0.0] [0 1 1.0 0.0] [0 1 1.0 0.0] [0 1 1.0 0.0] [0 1 1.0 0.0] [0 1 1.0 0.0] [0 1 1.0 0.0] [0 1 1.0 0.0] [0 1 1.0 0.0] [0 1 1.0 0.0] [0 1 1.0 0.0] [0 1 1.0 0.0] [0 1 1.0 0.0] [0 1 1.0 0.0] [0 1 1.0 0.0] [0 1 1.0 0.0] [0 1 1.0 0.0] [0 1 1.0 0.0] [0 1 1.0 0.0] [0 1 1.0 0.0] [0 1 1.0 0.0] [0 1 1.0 0.0] [0 1 1.0 0.0] [0 1 1.0 0.0] [0 1 1.0 0.0] [0 1 1.0 0.0] [0 1 1.0 0.0] [0 1 1.0 0.0] [0 1 1.0 0.0] [0 1 1.0 0.0] [0 1 1.0 0.0] [0 1 1.0 0.0] [0 1 1.0 0.0] [0 1 1.0 0.0] [0 1 1.0 0.0] [0 1 1.0 0.0] [0 1 1.0 0.0] [0 1 1.0 0.0] [0 1 1.0 0.0] [0 1 1.0 0.0] [0 1 1.0 0.0] [0 1 1.0 0.0] [0 1 1.0 0.0] [0 1 1.0 0.0] [0 1 1.0 0.0] [0 1 1.0 0.0] [0 1 1.0 0.0] [0 1 1.0 0.0] [0 1 1.0 0.0] [0 1 1.0 0.0] [0 1 1.0 0.0] [0 1 1.0 0.0] [0 1 1.0 0.0] [0 1 1.0 0.0] [0 1 1.0 0.0] [0 1 1.0 0.0] [0 1 1.0 0.0] [0 1 1.0 0.0] [0 1 1.0 0.0] [0 1 1.0 0.0] [0 1 1.0 0.0] [0 1 1.0 0.0] [0 1 1.0 0.0] [0 1 1.0 0.0] [0 1 1.0 0.0] [0 1 1.0 0.0] [0 1 1.0 0.0] [0 1 1.0 0.0] [0 1 1.0 0.0] [0 1 1.0 0.0] [0 1 1.0 0.0] [0 1 1.0 0.0] [0 1 1.0 0.0] [0 1 1.0 0.0] [0 1 1.0 0.0] [0 1 1.0 0.0] [0 1 1.0 0.0] [0 1 1.0 0.0] [0 1 1.0 0.0] [0 1 1.0 0.0] [0 1 1.0 0.0] [0 1 1.0 0.0] [0 1 1.0 0.0] [0 1 1.0 0.0] [0 1 1.0 0.0] [0 1 1.0 0.0] [0 1 1.0 0.0] [0 1 1.0 0.0] [0 1 1.0 0.0] [0 1 1.0 0.0] [0 1 1.0 0.0] [0 1 1.0 0.0] [0 1 1.0 0.0] [0 1 1.0 0.0] [0 1 1.0 0.0] [0 1 1.0 0.0] [0 1 1.0 0.0] [0 1 1.0 0.0] [0 1 1.0 0.0] [0 1 1.0 0.0] [0 1 1.0 0.0] [0 1 1.0 0.0] [0 1 1.0 0.0] [0 1 1.0 0.0] [0 1 1.0 0.0] [0 1 1.0 0.0] [0 1 1.0 0.0] [0 1 1.0 0.0] [0 1 1.0 0.0] [0 1 1.0 0.0] [0 1 1.0 0.0] [0 1 1.0 0.0] [0 1 1.0 0.0] [0 1 1.0 0.0] [0 1 1.0 0.0] [0 1 1.0 0.0] [0 1 1.0 0.0] [0 1 1.0 0.0] [0 1 1.0 0.0] [0 1 1.0 0.0] [0 1 1.0 0.0] [0 1 1.0 0.0] [0 1 1.0 0.0] [0 1 1.0 0.0] [0 1 1.0 0.0] [0 1 1.0 0.0] [0 1 1.0 0.0] [0 1 1.0 0.0] [0 1 1.0 0.0] [0 1 1.0 0.0] [0 1 1.0 0.0] [0 1 1.0 0.0] [0 1 1.0 0.0] [0 1 1.0 0.0] [0 1 1.0 0.0] [0 1 1.0 0.0] [0 1 1.0 0.0] [0 1 1.0 0.0] [0 1 1.0 0.0] [0 1 1.0 0.0] [0 1 1.0 0.0] [0 1 1.0 0.0] [0 1 1.0 0.0] [0 1 1.0 0.0] [0 1 1.0 0.0] [0 1 1.0 0.0] [0 1 1.0 0.0] [0 1 1.0 0.0] [0 1 1.0 0.0]
[0 1 1.0 0.0] [0 1 1.0 0.0] [0 1 1.0 0.0] [0 1 1.0 0.0] [0 1 1.0 0.0] [0 1 1.0 0.0] [0 1 1.0 0.0] [0 1 1.0 0.0] [0 1 1.0 0.0] [0 1 1.0 0.0] [0 1 1.0 0.0] [0 1 1.0 0.0] [0 1 1.0 0.0] [0 1 1.0 0.0] [0 1 1.0 0.0] [0 1 1.0 0.0] [0 1 1.0 0.0] [0 1 1.0 0.0] [0 1 1.0 0.0] [0 1 1.0 0.0] [0 1 1.0 0.0] [0 1 1.0 0.0] [0 1 1.0 0.0] [0 1 1.0 0.0] [0 1 1.0 0.0] [0 1 1.0 0.0] [0 1 1.0 0.0] [0 1 1.0 0.0] [0 1 1.0 0.0] [0 1 1.0 0.0] [0 1 1.0 0.0] [0 1 1.0 0.0] [0 1 1.0 0.0] [0 1 1.0 0.0] [0 1 1.0 0.0] [0 1 1.0 0.0] [0 1 1.0 0.0] [0 1 1.0 0.0] [0 1 1.0 0.0] [0 1 1.0 0.0] [0 1 1.0 0.0] [0 1 1.0 0.0] [0 1 1.0 0.0] [0 1 1.0 0.0] [0 1 1.0 0.0] [0 1 1.0 0.0] [0 1 1.0 0.0] [0 1 1.0 0.0] [0 1 1.0 0.0] [0 1 1.0 0.0] [0 1 1.0 0.0] [0 1 1.0 0.0] [0 1 1.0 0.0] [0 1 1.0 0.0] [0 1 1.0 0.0] [0 1 1.0 0.0] [0 1 1.0 0.0] [0 1 1.0 0.0] [0 1 1.0 0.0] [0 1 1.0 0.0] [0 1 1.0 0.0] [0 1 1.0 0.0] [0 1 1.0 0.0] [0 1 1.0 0.0] [0 1 1.0 0.0] [0 1 1.0 0.0] [0 1 1.0 0.0] [0 1 1.0 0.0] [0 1 1.0 0.0] [0 1 1.0 0.0] [0 1 1.0 0.0] [0 1 1.0 0.0] [0 1 1.0 0.0] [0 1 1.0 0.0] [0 1 1.0 0.0] [0 1 1.0 0.0] [0 1 1.0 0.0] [0 1 1.0 0.0] [0 1 1.0 0.0] [0 1 1.0 0.0] [0 1 1.0 0.0] [0 1 1.0 0.0] [0 1 1.0 0.0] [0 1 1.0 0.0] [0 1 1.0 0.0] [0 1 1.0 0.0] [0 1 1.0 0.0] [0 1 1.0 0.0] [0 1 1.0 0.0] [0 1 1.0 0.0] [0 1 1.0 0.0] [0 1 1.0 0.0] [0 1 1.0 0.0] [0 1 1.0 0.0] [0 1 1.0 0.0] [0 1 1.0 0.0] [0 1 1.0 0.0] [0 1 1.0 0.0] [0 1 1.0 0.0] [0 1 1.0 0.0] [0 1 1.0 0.0] [0 1 1.0 0.0] [0 1 1.0 0.0] [0 1 1.0 0.0] [0 1 1.0 0.0] [0 1 1.0 0.0] [0 1 1.0 0.0] [0 1 1.0 0.0] [0 1 1.0 0.0] [0 1 1.0 0.0] [0 1 1.0 0.0] [0 1 1.0 0.0] [0 1 1.0 0.0] [0 1 1.0 0.0] [0 1 1.0 0.0] [0 1 1.0 0.0] [0 1 1.0 0.0] [0 1 1.0 0.0] [0 1 1.0 0.0] [0 1 1.0 0.0] [0 1 1.0 0.0] [0 1 1.0 0.0] [0 1 1.0 0.0] [0 1 1.0 0.0] [0 1 1.0 0.0] [0 1 1.0 0.0] [0 1 1.0 0.0] [0 1 1.0 0.0] [0 1 1.0 0.0] [0 1 1.0 0.0] [0 1 1.0 0.0] [0 1 1.0 0.0] [0 1 1.0 0.0] [0 1 1.0 0.0] [0 1 1.0 0.0] [0 1 1.0 0.0] [0 1 1.0 0.0] [0 1 1.0 0.0] [0 1 1.0 0.0] [0 1 1.0 0.0] [0 1 1.0 0.0] [0 1 1.0 0.0] [0 1 1.0 0.0] [0 1 1.0 0.0] [0 1 1.0 0.0] [0 1 1.0 0.0] [0 1 1.0 0.0] [0 1 1.0 0.0] [0 1 1.0 0.0] [0 1 1.0 0.0] [0 1 1.0 0.0] [0 1 1.0 0.0] [0 1 1.0 0.0] [0 1 1.0 0.0] [0 1 1.0 0.0] [0 1 1.0 0.0] [0 1 1.0 0.0] [0 1 1.0 0.0] [0 1 1.0 0.0] [0 1 1.0 0.0]
[0 1 1.0 0.0] [0 1 1.0 0.0] [0 1 1.0 0.0] [0 1 1.0 0.0] [0 1 1.0 0.0] [0 1 1.0 0.0] [0 1 1.0 0.0] [0 1 1.0 0.0] [0 1 1.0 0.0] [0 1 1.0 0.0] [0 1 1.0 0.0] [0 1 1.0 0.0] [0 1 1.0 0.0] [0 1 1.0 0.0] [0 1 1.0 0.0] [0 1 1.0 0.0] [0 1 1.0 0.0] [0 1 1.0 0.0] [0 1 1.0 0.0] [0 1 1.0 0.0] [0 1 1.0 0.0] [0 1 1.0 0.0] [0 1 1.0 0.0] [0 1 1.0 0.0] [0 1 1.0 0.0] [0 1 1.0 0.0] [0 1 1.0 0.0] [0 1 1.0 0.0] [0 1 1.0 0.0] [0 1 1.0 0.0] [0 1 1.0 0.0] [0 1 1.0 0.0] [0 1 1.0 0.0] [0 1 1.0 0.0] [0 1 1.0 0.0] [0 1 1.0 0.0] [0 1 1.0 0.0] [0 1 1.0 0.0] [0 1 1.0 0.0] [0 1 1.0 0.0] [0 1 1.0 0.0] [0 1 1.0 0.0] [0 1 1.0 0.0] [0 1 1.0 0.0] [0 1 1.0 0.0] [0 1 1.0 0.0] [0 1 1.0 0.0] [0 1 1.0 0.0] [0 1 1.0 0.0] [0 1 1.0 0.0] [0 1 1.0 0.0] [0 1 1.0 0.0] [0 1 1.0 0.0] [0 1 1.0 0.0] [0 1 1.0 0.0] [0 1 1.0 0.0] [0 1 1.0 0.0] [0 1 1.0 0.0] [0 1 1.0 0.0] [0 1 1.0 0.0] [0 1 1.0 0.0] [0 1 1.0 0.0] [0 1 1.0 0.0] [0 1 1.0 0.0] [0 1 1.0 0.0] [0 1 1.0 0.0] [0 1 1.0 0.0] [0 1 1.0 0.0] [0 1 1.0 0.0] [0 1 1.0 0.0] [0 1 1.0 0.0] [0 1 1.0 0.0] [0 1 1.0 0.0] [0 1 1.0 0.0] [0 1 1.0 0.0] [0 1 1.0 0.0] [0 1 1.0 0.0] [0 1 1.0 0.0] [0 1 1.0 0.0] [0 1 1.0 0.0] [0 1 1.0 0.0] [0 1 1.0 0.0] [0 1 1.0 0.0] [0 1 1.0 0.0] [0 1 1.0 0.0] [0 1 1.0 0.0] [0 1 1.0 0.0] [0 1 1.0 0.0] [0 1 1.0 0.0] [0 1 1.0 0.0] [0 1 1.0 0.0] [0 1 1.0 0.0] [0 1 1.0 0.0] [0 1 1.0 0.0] [0 1 1.0 0.0] [0 1 1.0 0.0] [0 1 1.0 0.0] [0 1 1.0 0.0] [0 1 1.0 0.0] [0 1 1.0 0.0] [0 1 1.0 0.0] [0 1 1.0 0.0] [0 1 1.0 0.0] [0 1 1.0 0.0] [0 1 1.0 0.0] [0 1 1.0 0.0] [0 1 1.0 0.0] [0 1 1.0 0.0] [0 1 1.0 0.0] [0 1 1.0 0.0] [0 1 1.0 0.0] [0 1 1.0 0.0] [0 1 1.0 0.0] [0 1 1.0 0.0] [0 1 1.0 0.0] [0 1 1.0 0.0] [0 1 1.0 0.0] [0 1 1.0 0.0] [0 1 1.0 0.0] [0 1 1.0 0.0] [0 1 1.0 0.0] [0 1 1.0 0.0] [0 1 1.0 0.0] [0 1 1.0 0.0] [0 1 1.0 0.0] [0 1 1.0 0.0] [0 1 1.0 0.0] [0 1 1.0 0.0] [0 1 1.0 0.0] [0 1 1.0 0.0] [0 1 1.0 0.0] [0 1 1.0 0.0] [0 1 1.0 0.0] [0 1 1.0 0.0] [0 1 1.0 0.0] [0 1 1.0 0.0] [0 1 1.0 0.0] [0 1 1.0 0.0] [0 1 1.0 0.0] [0 1 1.0 0.0] [0 1 1.0 0.0] [0 1 1.0 0.0] [0 1 1.0 0.0] [0 1 1.0 0.0] [0 1 1.0 0.0] [0 1 1.0 0.0] [0 1 1.0 0.0] [0 1 1.0 0.0] [0 1 1.0 0.0] [0 1 1.0 0.0] [0 1 1.0 0.0] [0 1 1.0 0.0] [0 1 1.0 0.0] [0 1 1.0 0.0] [0 1 1.0 0.0] [0 1 1.0 0.0] [0 1 1.0 0.0] [0 1 1.0 0.0] [0 1 1.0 0.0] [0 1 1.0 0.0]
[0 1 1.0 0.0] [0 1 1.0 0.0] [0 1 1.0 0.0] [0 1 1.0 0.0] [0 1 1.0 0.0] [0 1 1.0 0.0] [0 1 1.0 0.0] [0 1 1.0 0.0] [0 1 1.0 0.0] [0 1 1.0 0.0] [0 1 1.0 0.0] [0 1 1.0 0.0] [0 1 1.0 0.0] [0 1 1.0 0.0] [0 1 1.0 0.0] [0 1 1.0 0.0] [0 1 1.0 0.0] [0 1 1.0 0.0] [0 1 1.0 0.0] [0 1 1.0 0.0] [0 1 1.0 0.0] [0 1 1.0 0.0] [0 1 1.0 0.0] [0 1 1.0 0.0] [0 1 1.0 0.0] [0 1 1.0 0.0] [0 1 1.0 0.0] [0 1 1.0 0.0] [0 1 1.0 0.0] [0 1 1.0 0.0] [0 1 1.0 0.0] [0 1 1.0 0.0] [0 1 1.0 0.0] [0 1 1.0 0.0] [0 1 1.0 0.0] [0 1 1.0 0.0] [0 1 1.0 0.0] [0 1 1.0 0.0] [0 1 1.0 0.0] [0 1 1.0 0.0] [0 1 1.0 0.0] [0 1 1.0 0.0] [0 1 1.0 0.0] [0 1 1.0 0.0] [0 1 1.0 0.0] [0 1 1.0 0.0] [0 1 1.0 0.0] [0 1 1.0 0.0] [0 1 1.0 0.0] [0 1 1.0 0.0] [0 1 1.0 0.0] [0 1 1.0 0.0] [0 1 1.0 0.0] [0 1 1.0 0.0] [0 1 1.0 0.0] [0 1 1.0 0.0] [0 1 1.0 0.0] [0 1 1.0 0.0] [0 1 1.0 0.0] [0 1 1.0 0.0] [0 1 1.0 0.0] [0 1 1.0 0.0] [0 1 1.0 0.0] [0 1 1.0 0.0] [0 1 1.0 0.0] [0 1 1.0 0.0] [0 1 1.0 0.0] [0 1 1.0 0.0] [0 1 1.0 0.0] [0 1 1.0 0.0] [0 1 1.0 0.0] [0 1 1.0 0.0] [0 1 1.0 0.0] [0 1 1.0 0.0] [0 1 1.0 0.0] [0 1 1.0 0.0] [0 1 1.0 0.0] [0 1 1.0 0.0] [0 1 1.0 0.0] [0 1 1.0 0.0] [0 1 1.0 0.0] [0 1 1.0 0.0] [0 1 1.0 0.0] [0 1 1.0 0.0] [0 1 1.0 0.0] [0 1 1.0 0.0] [0 1 1.0 0.0] [0 1 1.0 0.0] [0 1 1.0 0.0] [0 1 1.0 0.0] [0 1 1.0 0.0] [0 1 1.0 0.0] [0 1 1.0 0.0] [0 1 1.0 0.0] [0 1 1.0 0.0] [0 1 1.0 0.0] [0 1 1.0 0.0] [0 1 1.0 0.0] [0 1 1.0 0.0] [0 1 1.0 0.0] [0 1 1.0 0.0] [0 1 1.0 0.0] [0 1 1.0 0.0] [0 1 1.0 0.0] [0 1 1.0 0.0] [0 1 1.0 0.0] [0 1 1.0 0.0] [0 1 1.0 0.0] [0 1 1.0 0.0] [0 1 1.0 0.0] [0 1 1.0 0.0] [0 1 1.0 0.0] [0 1 1.0 0.0] [0 1 1.0 0.0] [0 1 1.0 0.0] [0 1 1.0 0.0] [0 1 1.0 0.0] [0 1 1.0 0.0] [0 1 1.0 0.0] [0 1 1.0 0.0] [0 1 1.0 0.0] [0 1 1.0 0.0] [0 1 1.0 0.0] [0 1 1.0 0.0] [0 1 1.0 0.0] [0 1 1.0 0.0] [0 1 1.0 0.0] [0 1 1.0 0.0] [0 1 1.0 0.0] [0 1 1.0 0.0] [0 1 1.0 0.0] [0 1 1.0 0.0] [0 1 1.0 0.0] [0 1 1.0 0.0] [0 1 1.0 0.0] [0 1 1.0 0.0] [0 1 1.0 0.0] [0 1 1.0 0.0] [0 1 1.0 0.0] [0 1 1.0 0.0] [0 1 1.0 0.0] [0 1 1.0 0.0] [0 1 1.0 0.0] [0 1 1.0 0.0] [0 1 1.0 0.0] [0 1 1.0 0.0] [0 1 1.0 0.0] [0 1 1.0 0.0] [0 1 1.0 0.0] [0 1 1.0 0.0] [0 1 1.0 0.0] [0 1 1.0 0.0] [0 1 1.0 0.0] [0 1 1.0 0.0] [0 1 1.0 0.0] [0 1 1.0 0.0] [0 1 1.0 0.0] [0 1 1.0 0.0] [0 1 1.0 0.0] [0 1 1.0 0.0]
[0 1 1.0 0.0] [0 1 1.0 0.0] [0 1 1.0 0.0] [0 1 1.0 0.0] [0 1 1.0 0.0] [0 1 1.0 0.0] [0 1 1.0 0.0] [0 1 1.0 0.0] [0 1 1.0 0.0] [0 1 1.0 0.0] [0 1 1.0 0.0] [0 1 1.0 0.0] [0 1 1.0 0.0] [0 1 1.0 0.0] [0 1 1.0 0.0] [0 1 1.0 0.0] [0 1 1.0 0.0] [0 1 1.0 0.0] [0 1 1.0 0.0] [0 1 1.0 0.0] [0 1 1.0 0.0] [0 1 1.0 0.0] [0 1 1.0 0.0] [0 1 1.0 0.0] [0 1 1.0 0.0] [0 1 1.0 0.0] [0 1 1.0 0.0] [0 1 1.0 0.0] [0 1 1.0 0.0] [0 1 1.0 0.0] [0 1 1.0 0.0] [0 1 1.0 0.0] [0 1 1.0 0.0] [0 1 1.0 0.0] [0 1 1.0 0.0] [0 1 1.0 0.0] [0 1 1.0 0.0] [0 1 1.0 0.0] [0 1 1.0 0.0] [0 1 1.0 0.0] [0 1 1.0 0.0] [0 1 1.0 0.0] [0 1 1.0 0.0] [0 1 1.0 0.0] [0 1 1.0 0.0] [0 1 1.0 0.0] [0 1 1.0 0.0] [0 1 1.0 0.0] [0 1 1.0 0.0] [0 1 1.0 0.0] [0 1 1.0 0.0] [0 1 1.0 0.0] [0 1 1.0 0.0] [0 1 1.0 0.0] [0 1 1.0 0.0] [0 1 1.0 0.0] [0 1 1.0 0.0] [0 1 1.0 0.0] [0 1 1.0 0.0] [0 1 1.0 0.0] [0 1 1.0 0.0] [0 1 1.0 0.0] [0 1 1.0 0.0] [0 1 1.0 0.0] [0 1 1.0 0.0] [0 1 1.0 0.0] [0 1 1.0 0.0] [0 1 1.0 0.0] [0 1 1.0 0.0] [0 1 1.0 0.0] [0 1 1.0 0.0] [0 1 1.0 0.0] [0 1 1.0 0.0] [0 1 1.0 0.0] [0 1 1.0 0.0] [0 1 1.0 0.0] [0 1 1.0 0.0] [0 1 1.0 0.0] [0 1 1.0 0.0] [0 1 1.0 0.0] [0 1 1.0 0.0] [0 1 1.0 0.0] [0 1 1.0 0.0] [0 1 1.0 0.0] [0 1 1.0 0.0] [0 1 1.0 0.0] [0 1 1.0 0.0] [0 1 1.0 0.0] [0 1 1.0 0.0] [0 1 1.0 0.0] [0 1 1.0 0.0] [0 1 1.0 0.0] [0 1 1.0 0.0] [0 1 1.0 0.0] [0 1 1.0 0.0] [0 1 1.0 0.0] [0 1 1.0 0.0] [0 1 1.0 0.0] [0 1 1.0 0.0] [0 1 1.0 0.0] [0 1 1.0 0.0] [0 1 1.0 0.0] [0 1 1.0 0.0] [0 1 1.0 0.0] [0 1 1.0 0.0] [0 1 1.0 0.0] [0 1 1.0 0.0] [0 1 1.0 0.0] [0 1 1.0 0.0] [0 1 1.0 0.0] [0 1 1.0 0.0] [0 1 1.0 0.0] [0 1 1.0 0.0] [0 1 1.0 0.0] [0 1 1.0 0.0] [0 1 1.0 0.0] [0 1 1.0 0.0] [0 1 1.0 0.0] [0 1 1.0 0.0] [0 1 1.0 0.0] [0 1 1.0 0.0] [0 1 1.0 0.0] [0 1 1.0 0.0] [0 1 1.0 0.0] [0 1 1.0 0.0] [0 1 1.0 0.0] [0 1 1.0 0.0] [0 1 1.0 0.0] [0 1 1.0 0.0] [0 1 1.0 0.0] [0 1 1.0 0.0] [0 1 1.0 0.0] [0 1 1.0 0.0] [0 1 1.0 0.0] [0 1 1.0 0.0] [0 1 1.0 0.0] [0 1 1.0 0.0] [0 1 1.0 0.0] [0 1 1.0 0.0] [0 1 1.0 0.0] [0 1 1.0 0.0] [0 1 1.0 0.0] [0 1 1.0 0.0] [0 1 1.0 0.0] [0 1 1.0 0.0] [0 1 1.0 0.0] [0 1 1.0 0.0] [0 1 1.0 0.0] [0 1 1.0 0.0] [0 1 1.0 0.0] [0 1 1.0 0.0] [0 1 1.0 0.0] [0 1 1.0 0.0] [0 1 1.0 0.0] [0 1 1.0 0.0] [0 1 1.0 0.0] [0 1 1.0 0.0] [0 1 1.0 0.0] [0 1 1.0 0.0] [0 1 1.0 0.0]
[0 1 1.0 0.0] [0 1 1.0 0.0] [0 1 1.0 0.0] [0 1 1.0 0.0] [0 1 1.0 0.0] [0 1 1.0 0.0] [0 1 1.0 0.0] [0 1 1.0 0.0] [0 1 1.0 0.0] [0 1 1.0 0.0] [0 1 1.0 0.0] [0 1 1.0 0.0] [0 1 1.0 0.0] [0 1 1.0 0.0] [0 1 1.0 0.0] [0 1 1.0 0.0] [0 1 1.0 0.0] [0 1 1.0 0.0] [0 1 1.0 0.0] [0 1 1.0 0.0] [0 1 1.0 0.0] [0 1 1.0 0.0] [0 1 1.0 0.0] [0 1 1.0 0.0] [0 1 1.0 0.0] [0 1 1.0 0.0] [0 1 1.0 0.0] [0 1 1.0 0.0] [0 1 1.0 0.0] [0 1 1.0 0.0] [0 1 1.0 0.0] [0 1 1.0 0.0] [0 1 1.0 0.0] [0 1 1.0 0.0] [0 1 1.0 0.0] [0 1 1.0 0.0] [0 1 1.0 0.0] [0 1 1.0 0.0] [0 1 1.0 0.0] [0 1 1.0 0.0] [0 1 1.0 0.0] [0 1 1.0 0.0] [0 1 1.0 0.0] [0 1 1.0 0.0] [0 1 1.0 0.0] [0 1 1.0 0.0] [0 1 1.0 0.0] [0 1 1.0 0.0] [0 1 1.0 0.0] [0 1 1.0 0.0] [0 1 1.0 0.0] [0 1 1.0 0.0] [0 1 1.0 0.0] [0 1 1.0 0.0] [0 1 1.0 0.0] [0 1 1.0 0.0] [0 1 1.0 0.0] [0 1 1.0 0.0] [0 1 1.0 0.0] [0 1 1.0 0.0] [0 1 1.0 0.0] [0 1 1.0 0.0] [0 1 1.0 0.0] [0 1 1.0 0.0] [0 1 1.0 0.0] [0 1 1.0 0.0] [0 1 1.0 0.0] [0 1 1.0 0.0] [0 1 1.0 0.0] [0 1 1.0 0.0] [0 1 1.0 0.0] [0 1 1.0 0.0] [0 1 1.0 0.0] [0 1 1.0 0.0] [0 1 1.0 0.0] [0 1 1.0 0.0] [0 1 1.0 0.0] [0 1 1.0 0.0] [0 1 1.0 0.0] [0 1 1.0 0.0] [0 1 1.0 0.0] [0 1 1.0 0.0] [0 1 1.0 0.0] [0 1 1.0 0.0] [0 1 1.0 0.0] [0 1 1.0 0.0] [0 1 1.0 0.0] [0 1 1.0 0.0] [0 1 1.0 0.0] [0 1 1.0 0.0] [0 1 1.0 0.0] [0 1 1.0 0.0] [0 1 1.0 0.0] [0 1 1.0 0.0] [0 1 1.0 0.0] [0 1 1.0 0.0] [0 1 1.0 0.0] [0 1 1.0 0.0] [0 1 1.0 0.0] [0 1 1.0 0.0] [0 1 1.0 0.0] [0 1 1.0 0.0] [0 1 1.0 0.0] [0 1 1.0 0.0] [0 1 1.0 0.0] [0 1 1.0 0.0] [0 1 1.0 0.0] [0 1 1.0 0.0] [0 1 1.0 0.0] [0 1 1.0 0.0] [0 1 1.0 0.0] [0 1 1.0 0.0] [0 1 1.0 0.0] [0 1 1.0 0.0] [0 1 1.0 0.0] [0 1 1.0 0.0] [0 1 1.0 0.0] [0 1 1.0 0.0] [0 1 1.0 0.0] [0 1 1.0 0.0] [0 1 1.0 0.0] [0 1 1.0 0.0] [0 1 1.0 0.0] [0 1 1.0 0.0] [0 1 1.0 0.0] [0 1 1.0 0.0] [0 1 1.0 0.0] [0 1 1.0 0.0] [0 1 1.0 0.0] [0 1 1.0 0.0] [0 1 1.0 0.0] [0 1 1.0 0.0] [0 1 1.0 0.0] [0 1 1.0 0.0] [0 1 1.0 0.0] [0 1 1.0 0.0] [0 1 1.0 0.0] [0 1 1.0 0.0] [0 1 1.0 0.0] [0 1 1.0 0.0] [0 1 1.0 0.0] [0 1 1.0 0.0] [0 1 1.0 0.0] [0 1 1.0 0.0] [0 1 1.0 0.0] [0 1 1.0 0.0] [0 1 1.0 0.0] [0 1 1.0 0.0] [0 1 1.0 0.0] [0 1 1.0 0.0] [0 1 1.0 0.0] [0 1 1.0 0.0] [0 1 1.0 0.0] [0 1 1.0 0.0] [0 1 1.0 0.0] [0 1 1.0 0.0] [0 1 1.0 0.0] [0 1 1.0 0.0] [0 1 1.0 0.0] [0 1 1.0 0.0]
[0 1 1.0 0.0] [0 1 1.0 0.0] [0 1 1.0 0.0] [0 1 1.0 0.0] [0 1 1.0 0.0] [0 1 1.0 0.0] [0 1 1.0 0.0] [0 1 1.0 0.0] [0 1 1.0 0.0] [0 1 1.0 0.0] [0 1 1.0 0.0] [0 1 1.0 0.0] [0 1 1.0 0.0] [0 1 1.0 0.0] [0 1 1.0 0.0] [0 1 1.0 0.0] [0 1 1.0 0.0] [0 1 1.0 0.0] [0 1 1.0 0.0] [0 1 1.0 0.0] [0 1 1.0 0.0] [0 1 1.0 0.0] [0 1 1.0 0.0] [0 1 1.0 0.0] [0 1 1.0 0.0] [0 1 1.0 0.0] [0 1 1.0 0.0] [0 1 1.0 0.0] [0 1 1.0 0.0] [0 1 1.0 0.0] [0 1 1.0 0.0] [0 1 1.0 0.0] [0 1 1.0 0.0] [0 1 1.0 0.0] [0 1 1.0 0.0] [0 1 1.0 0.0] [0 1 1.0 0.0] [0 1 1.0 0.0] [0 1 1.0 0.0] [0 1 1.0 0.0] [0 1 1.0 0.0] [0 1 1.0 0.0] [0 1 1.0 0.0] [0 1 1.0 0.0] [0 1 1.0 0.0] [0 1 1.0 0.0] [0 1 1.0 0.0] [0 1 1.0 0.0] [0 1 1.0 0.0] [0 1 1.0 0.0] [0 1 1.0 0.0] [0 1 1.0 0.0] [0 1 1.0 0.0] [0 1 1.0 0.0] [0 1 1.0 0.0] [0 1 1.0 0.0] [0 1 1.0 0.0] [0 1 1.0 0.0] [0 1 1.0 0.0] [0 1 1.0 0.0] [0 1 1.0 0.0] [0 1 1.0 0.0] [0 1 1.0 0.0] [0 1 1.0 0.0] [0 1 1.0 0.0] [0 1 1.0 0.0] [0 1 1.0 0.0] [0 1 1.0 0.0] [0 1 1.0 0.0] [0 1 1.0 0.0] [0 1 1.0 0.0] [0 1 1.0 0.0] [0 1 1.0 0.0] [0 1 1.0 0.0] [0 1 1.0 0.0] [0 1 1.0 0.0] [0 1 1.0 0.0] [0 1 1.0 0.0] [0 1 1.0 0.0] [0 1 1.0 0.0] [0 1 1.0 0.0] [0 1 1.0 0.0] [0 1 1.0 0.0] [0 1 1.0 0.0] [0 1 1.0 0.0] [0 1 1.0 0.0] [0 1 1.0 0.0] [0 1 1.0 0.0] [0 1 1.0 0.0] [0 1 1.0 0.0] [0 1 1.0 0.0] [0 1 1.0 0.0] [0 1 1.0 0.0] [0 1 1.0 0.0] [0 1 1.0 0.0] [0 1 1.0 0.0] [0 1 1.0 0.0] [0 1 1.0 0.0] [0 1 1.0 0.0] [0 1 1.0 0.0] [0 1 1.0 0.0] [0 1 1.0 0.0] [0 1 1.0 0.0] [0 1 1.0 0.0] [0 1 1.0 0.0] [0 1 1.0 0.0] [0 1 1.0 0.0] [0 1 1.0 0.0] [0 1 1.0 0.0] [0 1 1.0 0.0] [0 1 1.0 0.0] [0 1 1.0 0.0] [0 1 1.0 0.0] [0 1 1.0 0.0] [0 1 1.0 0.0] [0 1 1.0 0.0] [0 1 1.0 0.0] [0 1 1.0 0.0] [0 1 1.0 0.0] [0 1 1.0 0.0] [0 1 1.0 0.0] [0 1 1.0 0.0] [0 1 1.0 0.0] [0 1 1.0 0.0] [0 1 1.0 0.0] [0 1 1.0 0.0] [0 1 1.0 0.0] [0 1 1.0 0.0] [0 1 1.0 0.0] [0 1 1.0 0.0] [0 1 1.0 0.0] [0 1 1.0 0.0] [0 1 1.0 0.0] [0 1 1.0 0.0] [0 1 1.0 0.0] [0 1 1.0 0.0] [0 1 1.0 0.0] [0 1 1.0 0.0] [0 1 1.0 0.0] [0 1 1.0 0.0] [0 1 1.0 0.0] [0 1 1.0 0.0] [0 1 1.0 0.0] [0 1 1.0 0.0] [0 1 1.0 0.0] [0 1 1.0 0.0] [0 1 1.0 0.0] [0 1 1.0 0.0] [0 1 1.0 0.0] [0 1 1.0 0.0] [0 1 1.0 0.0] [0 1 1.0 0.0] [0 1 1.0 0.0] [0 1 1.0 0.0] [0 1 1.0 0.0] [0 1 1.0 0.0] [0 1 1.0 0.0] [0 1 1.0 0.0] [0 1 1.0 0.0] [0 1 1.0 0.0]
[0 1 1.0 0.0] [0 1 1.0 0.0] [0 1 1.0 0.0] [0 1 1.0 0.0] [0 1 1.0 0.0] [0 1 1.0 0.0] [0 1 1.0 0.0] [0 1 1.0 0.0] [0 1 1.0 0.0] [0 1 1.0 0.0] [0 1 1.0 0.0] [0 1 1.0 0.0] [0 1 1.0 0.0] [0 1 1.0 0.0] [0 1 1.0 0.0] [0 1 1.0 0.0] [0 1 1.0 0.0] [0 1 1.0 0.0] [0 1 1.0 0.0] [0 1 1.0 0.0] [0 1 1.0 0.0] [0 1 1.0 0.0] [0 1 1.0 0.0] [0 1 1.0 0.0] [0 1 1.0 0.0] [0 1 1.0 0.0] [0 1 1.0 0.0] [0 1 1.0 0.0] [0 1 1.0 0.0] [0 1 1.0 0.0] [0 1 1.0 0.0] [0 1 1.0 0.0] [0 1 1.0 0.0] [0 1 1.0 0.0] [0 1 1.0 0.0] [0 1 1.0 0.0] [0 1 1.0 0.0] [0 1 1.0 0.0] [0 1 1.0 0.0] [0 1 1.0 0.0] [0 1 1.0 0.0] [0 1 1.0 0.0] [0 1 1.0 0.0] [0 1 1.0 0.0] [0 1 1.0 0.0] [0 1 1.0 0.0] [0 1 1.0 0.0] [0 1 1.0 0.0] [0 1 1.0 0.0] [0 1 1.0 0.0] [0 1 1.0 0.0] [0 1 1.0 0.0] [0 1 1.0 0.0] [0 1 1.0 0.0] [0 1 1.0 0.0] [0 1 1.0 0.0] [0 1 1.0 0.0] [0 1 1.0 0.0] [0 1 1.0 0.0] [0 1 1.0 0.0] [0 1 1.0 0.0] [0 1 1.0 0.0] [0 1 1.0 0.0] [0 1 1.0 0.0] [0 1 1.0 0.0] [0 1 1.0 0.0] [0 1 1.0 0.0] [0 1 1.0 0.0] [0 1 1.0 0.0] [0 1 1.0 0.0] [0 1 1.0 0.0] [0 1 1.0 0.0] [0 1 1.0 0.0] [0 1 1.0 0.0] [0 1 1.0 0.0] [0 1 1.0 0.0] [0 1 1.0 0.0] [0 1 1.0 0.0] [0 1 1.0 0.0] [0 1 1.0 0.0] [0 1 1.0 0.0] [0 1 1.0 0.0] [0 1 1.0 0.0] [0 1 1.0 0.0] [0 1 1.0 0.0] [0 1 1.0 0.0] [0 1 1.0 0.0] [0 1 1.0 0.0] [0 1 1.0 0.0] [0 1 1.0 0.0] [0 1 1.0 0.0] [0 1 1.0 0.0] [0 1 1.0 0.0] [0 1 1.0 0.0] [0 1 1.0 0.0] [0 1 1.0 0.0] [0 1 1.0 0.0] [0 1 1.0 0.0] [0 1 1.0 0.0] [0 1 1.0 0.0] [0 1 1.0 0.0] [0 1 1.0 0.0] [0 1 1.0 0.0] [0 1 1.0 0.0] [0 1 1.0 0.0] [0 1 1.0 0.0] [0 1 1.0 0.0] [0 1 1.0 0.0] [0 1 1.0 0.0] [0 1 1.0 0.0] [0 1 1.0 0.0] [0 1 1.0 0.0] [0 1 1.0 0.0] [0 1 1.0 0.0] [0 1 1.0 0.0] [0 1 1.0 0.0] [0 1 1.0 0.0] [0 1 1.0 0.0] [0 1 1.0 0.0] [0 1 1.0 0.0] [0 1 1.0 0.0] [0 1 1.0 0.0] [0 1 1.0 0.0] [0 1 1.0 0.0] [0 1 1.0 0.0] [0 1 1.0 0.0] [0 1 1.0 0.0] [0 1 1.0 0.0] [0 1 1.0 0.0] [0 1 1.0 0.0] [0 1 1.0 0.0] [0 1 1.0 0.0] [0 1 1.0 0.0] [0 1 1.0 0.0] [0 1 1.0 0.0] [0 1 1.0 0.0] [0 1 1.0 0.0] [0 1 1.0 0.0] [0 1 1.0 0.0] [0 1 1.0 0.0] [0 1 1.0 0.0] [0 1 1.0 0.0] [0 1 1.0 0.0] [0 1 1.0 0.0] [0 1 1.0 0.0] [0 1 1.0 0.0] [0 1 1.0 0.0] [0 1 1.0 0.0] [0 1 1.0 0.0] [0 1 1.0 0.0] [0 1 1.0 0.0] [0 1 1.0 0.0] [0 1 1.0 0.0] [0 1 1.0 0.0] [0 1 1.0 0.0] [0 1 1.0 0.0] [0 1 1.0 0.0] [0 1 1.0 0.0] [0 1 1.0 0.0] [0 1 1.0 0.0]
[0 1 1.0 0.0] [0 1 1.0 0.0] [0 1 1.0 0.0] [0 1 1.0 0.0] [0 1 1.0 0.0] [0 1 1.0 0.0] [0 1 1.0 0.0] [0 1 1.0 0.0] [0 1 1.0 0.0] [0 1 1.0 0.0] [0 1 1.0 0.0] [0 1 1.0 0.0] [0 1 1.0 0.0] [0 1 1.0 0.0] [0 1 1.0 0.0] [0 1 1.0 0.0] [0 1 1.0 0.0] [0 1 1.0 0.0] [0 1 1.0 0.0] [0 1 1.0 0.0] [0 1 1.0 0.0] [0 1 1.0 0.0] [0 1 1.0 0.0] [0 1 1.0 0.0] [0 1 1.0 0.0] [0 1 1.0 0.0] [0 1 1.0 0.0] [0 1 1.0 0.0] [0 1 1.0 0.0] [0 1 1.0 0.0] [0 1 1.0 0.0] [0 1 1.0 0.0] [0 1 1.0 0.0] [0 1 1.0 0.0] [0 1 1.0 0.0] [0 1 1.0 0.0] [0 1 1.0 0.0] [0 1 1.0 0.0] [0 1 1.0 0.0] [0 1 1.0 0.0] [0 1 1.0 0.0] [0 1 1.0 0.0] [0 1 1.0 0.0] [0 1 1.0 0.0] [0 1 1.0 0.0] [0 1 1.0 0.0] [0 1 1.0 0.0] [0 1 1.0 0.0] [0 1 1.0 0.0] [0 1 1.0 0.0] [0 1 1.0 0.0] [0 1 1.0 0.0] [0 1 1.0 0.0] [0 1 1.0 0.0] [0 1 1.0 0.0] [0 1 1.0 0.0] [0 1 1.0 0.0] [0 1 1.0 0.0] [0 1 1.0 0.0] [0 1 1.0 0.0] [0 1 1.0 0.0] [0 1 1.0 0.0] [0 1 1.0 0.0] [0 1 1.0 0.0] [0 1 1.0 0.0] [0 1 1.0 0.0] [0 1 1.0 0.0] [0 1 1.0 0.0] [0 1 1.0 0.0] [0 1 1.0 0.0] [0 1 1.0 0.0] [0 1 1.0 0.0] [0 1 1.0 0.0] [0 1 1.0 0.0] [0 1 1.0 0.0] [0 1 1.0 0.0] [0 1 1.0 0.0] [0 1 1.0 0.0] [0 1 1.0 0.0] [0 1 1.0 0.0] [0 1 1.0 0.0] [0 1 1.0 0.0] [0 1 1.0 0.0] [0 1 1.0 0.0] [0 1 1.0 0.0] [0 1 1.0 0.0] [0 1 1.0 0.0] [0 1 1.0 0.0] [0 1 1.0 0.0] [0 1 1.0 0.0] [0 1 1.0 0.0] [0 1 1.0 0.0] [0 1 1.0 0.0] [0 1 1.0 0.0] [0 1 1.0 0.0] [0 1 1.0 0.0] [0 1 1.0 0.0] [0 1 1.0 0.0] [0 1 1.0 0.0] [0 1 1.0 0.0] [0 1 1.0 0.0] [0 1 1.0 0.0] [0 1 1.0 0.0] [0 1 1.0 0.0] [0 1 1.0 0.0] [0 1 1.0 0.0] [0 1 1.0 0.0] [0 1 1.0 0.0] [0 1 1.0 0.0] [0 1 1.0 0.0] [0 1 1.0 0.0] [0 1 1.0 0.0] [0 1 1.0 0.0] [0 1 1.0 0.0] [0 1 1.0 0.0] [0 1 1.0 0.0] [0 1 1.0 0.0] [0 1 1.0 0.0] [0 1 1.0 0.0] [0 1 1.0 0.0] [0 1 1.0 0.0] [0 1 1.0 0.0] [0 1 1.0 0.0] [0 1 1.0 0.0] [0 1 1.0 0.0] [0 1 1.0 0.0] [0 1 1.0 0.0] [0 1 1.0 0.0] [0 1 1.0 0.0] [0 1 1.0 0.0] [0 1 1.0 0.0] [0 1 1.0 0.0] [0 1 1.0 0.0] [0 1 1.0 0.0] [0 1 1.0 0.0] [0 1 1.0 0.0] [0 1 1.0 0.0] [0 1 1.0 0.0] [0 1 1.0 0.0] [0 1 1.0 0.0] [0 1 1.0 0.0] [0 1 1.0 0.0] [0 1 1.0 0.0] [0 1 1.0 0.0] [0 1 1.0 0.0] [0 1 1.0 0.0] [0 1 1.0 0.0] [0 1 1.0 0.0] [0 1 1.0 0.0] [0 1 1.0 0.0] [0 1 1.0 0.0] [0 1 1.0 0.0] [0 1 1.0 0.0] [0 1 1.0 0.0] [0 1 1.0 0.0] [0 1 1.0 0.0] [0 1 1.0 0.0] [0 1 1.0 0.0] [0 1 1.0 0.0] [0 1 1.0 0.0]
[0 1 1.0 0.0] [0 1 1.0 0.0] [0 1 1.0 0.0] [0 1 1.0 0.0] [0 1 1.0 0.0] [0 1 1.0 0.0] [0 1 1.0 0.0] [0 1 1.0 0.0] [0 1 1.0 0.0] [0 1 1.0 0.0] [0 1 1.0 0.0] [0 1 1.0 0.0] [0 1 1.0 0.0] [0 1 1.0 0.0] [0 1 1.0 0.0] [0 1 1.0 0.0] [0 1 1.0 0.0] [0 1 1.0 0.0] [0 1 1.0 0.0] [0 1 1.0 0.0] [0 1 1.0 0.0] [0 1 1.0 0.0] [0 1 1.0 0.0] [0 1 1.0 0.0] [0 1 1.0 0.0] [0 1 1.0 0.0] [0 1 1.0 0.0] [0 1 1.0 0.0] [0 1 1.0 0.0] [0 1 1.0 0.0] [0 1 1.0 0.0] [0 1 1.0 0.0] [0 1 1.0 0.0] [0 1 1.0 0.0] [0 1 1.0 0.0] [0 1 1.0 0.0] [0 1 1.0 0.0] [0 1 1.0 0.0] [0 1 1.0 0.0] [0 1 1.0 0.0] [0 1 1.0 0.0] [0 1 1.0 0.0] [0 1 1.0 0.0] [0 1 1.0 0.0] [0 1 1.0 0.0] [0 1 1.0 0.0] [0 1 1.0 0.0] [0 1 1.0 0.0] [0 1 1.0 0.0] [0 1 1.0 0.0] [0 1 1.0 0.0] [0 1 1.0 0.0] [0 1 1.0 0.0] [0 1 1.0 0.0] [0 1 1.0 0.0] [0 1 1.0 0.0] [0 1 1.0 0.0] [0 1 1.0 0.0] [0 1 1.0 0.0] [0 1 1.0 0.0] [0 1 1.0 0.0] [0 1 1.0 0.0] [0 1 1.0 0.0] [0 1 1.0 0.0] [0 1 1.0 0.0] [0 1 1.0 0.0] [0 1 1.0 0.0] [0 1 1.0 0.0] [0 1 1.0 0.0] [0 1 1.0 0.0] [0 1 1.0 0.0] [0 1 1.0 0.0] [0 1 1.0 0.0] [0 1 1.0 0.0] [0 1 1.0 0.0] [0 1 1.0 0.0] [0 1 1.0 0.0] [0 1 1.0 0.0] [0 1 1.0 0.0] [0 1 1.0 0.0] [0 1 1.0 0.0] [0 1 1.0 0.0] [0 1 1.0 0.0] [0 1 1.0 0.0] [0 1 1.0 0.0] [0 1 1.0 0.0] [0 1 1.0 0.0] [0 1 1.0 0.0] [0 1 1.0 0.0] [0 1 1.0 0.0] [0 1 1.0 0.0] [0 1 1.0 0.0] [0 1 1.0 0.0] [0 1 1.0 0.0] [0 1 1.0 0.0] [0 1 1.0 0.0] [0 1 1.0 0.0] [0 1 1.0 0.0] [0 1 1.0 0.0] [0 1 1.0 0.0] [0 1 1.0 0.0] [0 1 1.0 0.0] [0 1 1.0 0.0] [0 1 1.0 0.0] [0 1 1.0 0.0] [0 1 1.0 0.0] [0 1 1.0 0.0] [0 1 1.0 0.0] [0 1 1.0 0.0] [0 1 1.0 0.0] [0 1 1.0 0.0] [0 1 1.0 0.0] [0 1 1.0 0.0] [0 1 1.0 0.0] [0 1 1.0 0.0] [0 1 1.0 0.0] [0 1 1.0 0.0] [0 1 1.0 0.0] [0 1 1.0 0.0] [0 1 1.0 0.0] [0 1 1.0 0.0] [0 1 1.0 0.0] [0 1 1.0 0.0] [0 1 1.0 0.0] [0 1 1.0 0.0] [0 1 1.0 0.0] [0 1 1.0 0.0] [0 1 1.0 0.0] [0 1 1.0 0.0] [0 1 1.0 0.0] [0 1 1.0 0.0] [0 1 1.0 0.0] [0 1 1.0 0.0] [0 1 1.0 0.0] [0 1 1.0 0.0] [0 1 1.0 0.0] [0 1 1.0 0.0] [0 1 1.0 0.0] [0 1 1.0 0.0] [0 1 1.0 0.0] [0 1 1.0 0.0] [0 1 1.0 0.0] [0 1 1.0 0.0] [0 1 1.0 0.0] [0 1 1.0 0.0] [0 1 1.0 0.0] [0 1 1.0 0.0] [0 1 1.0 0.0] [0 1 1.0 0.0] [0 1 1.0 0.0] [0 1 1.0 0.0] [0 1 1.0 0.0] [0 1 1.0 0.0] [0 1 1.0 0.0] [0 1 1.0 0.0] [0 1 1.0 0.0] [0 1 1.0 0.0] [0 1 1.0 0.0] [0 1 1.0 0.0] [0 1 1.0 0.0]
[0 1 1.0 0.0] [0 1 1.0 0.0] [0 1 1.0 0.0] [0 1 1.0 0.0] [0 1 1.0 0.0] [0 1 1.0 0.0] [0 1 1.0 0.0] [0 1 1.0 0.0] [0 1 1.0 0.0] [0 1 1.0 0.0] [0 1 1.0 0.0] [0 1 1.0 0.0] [0 1 1.0 0.0] [0 1 1.0 0.0] [0 1 1.0 0.0] [0 1 1.0 0.0] [0 1 1.0 0.0] [0 1 1.0 0.0] [0 1 1.0 0.0] [0 1 1.0 0.0] [0 1 1.0 0.0] [0 1 1.0 0.0] [0 1 1.0 0.0] [0 1 1.0 0.0] [0 1 1.0 0.0] [0 1 1.0 0.0] [0 1 1.0 0.0] [0 1 1.0 0.0] [0 1 1.0 0.0] [0 1 1.0 0.0] [0 1 1.0 0.0] [0 1 1.0 0.0] [0 1 1.0 0.0] [0 1 1.0 0.0] [0 1 1.0 0.0] [0 1 1.0 0.0] [0 1 1.0 0.0] [0 1 1.0 0.0] [0 1 1.0 0.0] [0 1 1.0 0.0] [0 1 1.0 0.0] [0 1 1.0 0.0] [0 1 1.0 0.0] [0 1 1.0 0.0] [0 1 1.0 0.0] [0 1 1.0 0.0] [0 1 1.0 0.0] [0 1 1.0 0.0] [0 1 1.0 0.0] [0 1 1.0 0.0] [0 1 1.0 0.0] [0 1 1.0 0.0] [0 1 1.0 0.0] [0 1 1.0 0.0] [0 1 1.0 0.0] [0 1 1.0 0.0] [0 1 1.0 0.0] [0 1 1.0 0.0] [0 1 1.0 0.0] [0 1 1.0 0.0] [0 1 1.0 0.0] [0 1 1.0 0.0] [0 1 1.0 0.0] [0 1 1.0 0.0] [0 1 1.0 0.0] [0 1 1.0 0.0] [0 1 1.0 0.0] [0 1 1.0 0.0] [0 1 1.0 0.0] [0 1 1.0 0.0] [0 1 1.0 0.0] [0 1 1.0 0.0] [0 1 1.0 0.0] [0 1 1.0 0.0] [0 1 1.0 0.0] [0 1 1.0 0.0] [0 1 1.0 0.0] [0 1 1.0 0.0] [0 1 1.0 0.0] [0 1 1.0 0.0] [0 1 1.0 0.0] [0 1 1.0 0.0] [0 1 1.0 0.0] [0 1 1.0 0.0] [0 1 1.0 0.0] [0 1 1.0 0.0] [0 1 1.0 0.0] [0 1 1.0 0.0] [0 1 1.0 0.0] [0 1 1.0 0.0] [0 1 1.0 0.0] [0 1 1.0 0.0] [0 1 1.0 0.0] [0 1 1.0 0.0] [0 1 1.0 0.0] [0 1 1.0 0.0] [0 1 1.0 0.0] [0 1 1.0 0.0] [0 1 1.0 0.0] [0 1 1.0 0.0] [0 1 1.0 0.0] [0 1 1.0 0.0] [0 1 1.0 0.0] [0 1 1.0 0.0] [0 1 1.0 0.0] [0 1 1.0 0.0] [0 1 1.0 0.0] [0 1 1.0 0.0] [0 1 1.0 0.0] [0 1 1.0 0.0] [0 1 1.0 0.0] [0 1 1.0 0.0] [0 1 1.0 0.0] [0 1 1.0 0.0] [0 1 1.0 0.0] [0 1 1.0 0.0] [0 1 1.0 0.0] [0 1 1.0 0.0] [0 1 1.0 0.0] [0 1 1.0 0.0] [0 1 1.0 0.0] [0 1 1.0 0.0] [0 1 1.0 0.0] [0 1 1.0 0.0] [0 1 1.0 0.0] [0 1 1.0 0.0] [0 1 1.0 0.0] [0 1 1.0 0.0] [0 1 1.0 0.0] [0 1 1.0 0.0] [0 1 1.0 0.0] [0 1 1.0 0.0] [0 1 1.0 0.0] [0 1 1.0 0.0] [0 1 1.0 0.0] [0 1 1.0 0.0] [0 1 1.0 0.0] [0 1 1.0 0.0] [0 1 1.0 0.0] [0 1 1.0 0.0] [0 1 1.0 0.0] [0 1 1.0 0.0] [0 1 1.0 0.0] [0 1 1.0 0.0] [0 1 1.0 0.0] [0 1 1.0 0.0] [0 1 1.0 0.0] [0 1 1.0 0.0] [0 1 1.0 0.0] [0 1 1.0 0.0] [0 1 1.0 0.0] [0 1 1.0 0.0] [0 1 1.0 0.0] [0 1 1.0 0.0] [0 1 1.0 0.0] [0 1 1.0 0.0] [0 1 1.0 0.0] [0 1 1.0 0.0] [0 1 1.0 0.0] [0 1 1.0 0.0]
[0 1 1.0 0.0] [0 1 1.0 0.0] [0 1 1.0 0.0] [0 1 1.0 0.0] [0 1 1.0 0.0] [0 1 1.0 0.0] [0 1 1.0 0.0] [0 1 1.0 0.0] [0 1 1.0 0.0] [0 1 1.0 0.0] [0 1 1.0 0.0] [0 1 1.0 0.0] [0 1 1.0 0.0] [0 1 1.0 0.0] [0 1 1.0 0.0] [0 1 1.0 0.0] [0 1 1.0 0.0] [0 1 1.0 0.0] [0 1 1.0 0.0] [0 1 1.0 0.0] [0 1 1.0 0.0] [0 1 1.0 0.0] [0 1 1.0 0.0] [0 1 1.0 0.0] [0 1 1.0 0.0] [0 1 1.0 0.0] [0 1 1.0 0.0] [0 1 1.0 0.0] [0 1 1.0 0.0] [0 1 1.0 0.0] [0 1 1.0 0.0] [0 1 1.0 0.0] [0 1 1.0 0.0] [0 1 1.0 0.0] [0 1 1.0 0.0] [0 1 1.0 0.0] [0 1 1.0 0.0] [0 1 1.0 0.0] [0 1 1.0 0.0] [0 1 1.0 0.0] [0 1 1.0 0.0] [0 1 1.0 0.0] [0 1 1.0 0.0] [0 1 1.0 0.0] [0 1 1.0 0.0] [0 1 1.0 0.0] [0 1 1.0 0.0] [0 1 1.0 0.0] [0 1 1.0 0.0] [0 1 1.0 0.0] [0 1 1.0 0.0] [0 1 1.0 0.0] [0 1 1.0 0.0] [0 1 1.0 0.0] [0 1 1.0 0.0] [0 1 1.0 0.0] [0 1 1.0 0.0] [0 1 1.0 0.0] [0 1 1.0 0.0] [0 1 1.0 0.0] [0 1 1.0 0.0] [0 1 1.0 0.0] [0 1 1.0 0.0] [0 1 1.0 0.0] [0 1 1.0 0.0] [0 1 1.0 0.0] [0 1 1.0 0.0] [0 1 1.0 0.0] [0 1 1.0 0.0] [0 1 1.0 0.0] [0 1 1.0 0.0] [0 1 1.0 0.0] [0 1 1.0 0.0] [0 1 1.0 0.0] [0 1 1.0 0.0] [0 1 1.0 0.0] [0 1 1.0 0.0] [0 1 1.0 0.0] [0 1 1.0 0.0] [0 1 1.0 0.0] [0 1 1.0 0.0] [0 1 1.0 0.0] [0 1 1.0 0.0] [0 1 1.0 0.0] [0 1 1.0 0.0] [0 1 1.0 0.0] [0 1 1.0 0.0] [0 1 1.0 0.0] [0 1 1.0 0.0] [0 1 1.0 0.0] [0 1 1.0 0.0] [0 1 1.0 0.0] [0 1 1.0 0.0] [0 1 1.0 0.0] [0 1 1.0 0.0] [0 1 1.0 0.0] [0 1 1.0 0.0] [0 1 1.0 0.0] [0 1 1.0 0.0] [0 1 1.0 0.0] [0 1 1.0 0.0] [0 1 1.0 0.0] [0 1 1.0 0.0] [0 1 1.0 0.0] [0 1 1.0 0.0] [0 1 1.0 0.0] [0 1 1.0 0.0] [0 1 1.0 0.0] [0 1 1.0 0.0] [0 1 1.0 0.0] [0 1 1.0 0.0] [0 1 1.0 0.0] [0 1 1.0 0.0] [0 1 1.0 0.0] [0 1 1.0 0.0] [0 1 1.0 0.0] [0 1 1.0 0.0] [0 1 1.0 0.0] [0 1 1.0 0.0] [0 1 1.0 0.0] [0 1 1.0 0.0] [0 1 1.0 0.0] [0 1 1.0 0.0] [0 1 1.0 0.0] [0 1 1.0 0.0] [0 1 1.0 0.0] [0 1 1.0 0.0] [0 1 1.0 0.0] [0 1 1.0 0.0] [0 1 1.0 0.0] [0 1 1.0 0.0] [0 1 1.0 0.0] [0 1 1.0 0.0] [0 1 1.0 0.0] [0 1 1.0 0.0] [0 1 1.0 0.0] [0 1 1.0 0.0] [0 1 1.0 0.0] [0 1 1.0 0.0] [0 1 1.0 0.0] [0 1 1.0 0.0] [0 1 1.0 0.0] [0 1 1.0 0.0] [0 1 1.0 0.0] [0 1 1.0 0.0] [0 1 1.0 0.0] [0 1 1.0 0.0] [0 1 1.0 0.0] [0 1 1.0 0.0] [0 1 1.0 0.0] [0 1 1.0 0.0] [0 1 1.0 0.0] [0 1 1.0 0.0] [0 1 1.0 0.0] [0 1 1.0 0.0] [0 1 1.0 0.0] [0 1 1.0 0.0] [0 1 1.0 0.0] [0 1 1.0 0.0] [0 1 1.0 0.0]
[0 1 1.0 0.0] [0 1 1.0 0.0] [0 1 1.0 0.0] [0 1 1.0 0.0] [0 1 1.0 0.0] [0 1 1.0 0.0] [0 1 1.0 0.0] [0 1 1.0 0.0] [0 1 1.0 0.0] [0 1 1.0 0.0] [0 1 1.0 0.0] [0 1 1.0 0.0] [0 1 1.0 0.0] [0 1 1.0 0.0] [0 1 1.0 0.0] [0 1 1.0 0.0] [0 1 1.0 0.0] [0 1 1.0 0.0] [0 1 1.0 0.0] [0 1 1.0 0.0] [0 1 1.0 0.0] [0 1 1.0 0.0] [0 1 1.0 0.0] [0 1 1.0 0.0] [0 1 1.0 0.0] [0 1 1.0 0.0] [0 1 1.0 0.0] [0 1 1.0 0.0] [0 1 1.0 0.0] [0 1 1.0 0.0] [0 1 1.0 0.0] [0 1 1.0 0.0] [0 1 1.0 0.0] [0 1 1.0 0.0] [0 1 1.0 0.0] [0 1 1.0 0.0] [0 1 1.0 0.0] [0 1 1.0 0.0] [0 1 1.0 0.0] [0 1 1.0 0.0] [0 1 1.0 0.0] [0 1 1.0 0.0] [0 1 1.0 0.0] [0 1 1.0 0.0] [0 1 1.0 0.0] [0 1 1.0 0.0] [0 1 1.0 0.0] [0 1 1.0 0.0] [0 1 1.0 0.0] [0 1 1.0 0.0] [0 1 1.0 0.0] [0 1 1.0 0.0] [0 1 1.0 0.0] [0 1 1.0 0.0] [0 1 1.0 0.0] [0 1 1.0 0.0] [0 1 1.0 0.0] [0 1 1.0 0.0] [0 1 1.0 0.0] [0 1 1.0 0.0] [0 1 1.0 0.0] [0 1 1.0 0.0] [0 1 1.0 0.0] [0 1 1.0 0.0] [0 1 1.0 0.0] [0 1 1.0 0.0] [0 1 1.0 0.0] [0 1 1.0 0.0] [0 1 1.0 0.0] [0 1 1.0 0.0] [0 1 1.0 0.0] [0 1 1.0 0.0] [0 1 1.0 0.0] [0 1 1.0 0.0] [0 1 1.0 0.0] [0 1 1.0 0.0] [0 1 1.0 0.0] [0 1 1.0 0.0] [0 1 1.0 0.0] [0 1 1.0 0.0] [0 1 1.0 0.0] [0 1 1.0 0.0] [0 1 1.0 0.0] [0 1 1.0 0.0] [0 1 1.0 0.0] [0 1 1.0 0.0] [0 1 1.0 0.0] [0 1 1.0 0.0] [0 1 1.0 0.0] [0 1 1.0 0.0] [0 1 1.0 0.0] [0 1 1.0 0.0] [0 1 1.0 0.0] [0 1 1.0 0.0] [0 1 1.0 0.0] [0 1 1.0 0.0] [0 1 1.0 0.0] [0 1 1.0 0.0] [0 1 1.0 0.0] [0 1 1.0 0.0] [0 1 1.0 0.0] [0 1 1.0 0.0] [0 1 1.0 0.0] [0 1 1.0 0.0] [0 1 1.0 0.0] [0 1 1.0 0.0] [0 1 1.0 0.0] [0 1 1.0 0.0] [0 1 1.0 0.0] [0 1 1.0 0.0] [0 1 1.0 0.0] [0 1 1.0 0.0] [0 1 1.0 0.0] [0 1 1.0 0.0] [0 1 1.0 0.0] [0 1 1.0 0.0] [0 1 1.0 0.0] [0 1 1.0 0.0] [0 1 1.0 0.0] [0 1 1.0 0.0] [0 1 1.0 0.0] [0 1 1.0 0.0] [0 1 1.0 0.0] [0 1 1.0 0.0] [0 1 1.0 0.0] [0 1 1.0 0.0] [0 1 1.0 0.0] [0 1 1.0 0.0] [0 1 1.0 0.0] [0 1 1.0 0.0] [0 1 1.0 0.0] [0 1 1.0 0.0] [0 1 1.0 0.0] [0 1 1.0 0.0] [0 1 1.0 0.0] [0 1 1.0 0.0] [0 1 1.0 0.0] [0 1 1.0 0.0] [0 1 1.0 0.0] [0 1 1.0 0.0] [0 1 1.0 0.0] [0 1 1.0 0.0] [0 1 1.0 0.0] [0 1 1.0 0.0] [0 1 1.0 0.0] [0 1 1.0 0.0] [0 1 1.0 0.0] [0 1 1.0 0.0] [0 1 1.0 0.0] [0 1 1.0 0.0] [0 1 1.0 0.0] [0 1 1.0 0.0] [0 1 1.0 0.0] [0 1 1.0 0.0] [0 1 1.0 0.0] [0 1 1.0 0.0] [0 1 1.0 0.0] [0 1 1.0 0.0] [0 1 1.0 0.0] [0 1 1.0 0.0]
[0 1 1.0 0.0] [0 1 1.0 0.0] [0 1 1.0 0.0] [0 1 1.0 0.0] [0 1 1.0 0.0] [0 1 1.0 0.0] [0 1 1.0 0.0] [0 1 1.0 0.0] [0 1 1.0 0.0] [0 1 1.0 0.0] [0 1 1.0 0.0] [0 1 1.0 0.0] [0 1 1.0 0.0] [0 1 1.0 0.0] [0 1 1.0 0.0] [0 1 1.0 0.0] [0 1 1.0 0.0] [0 1 1.0 0.0] [0 1 1.0 0.0] [0 1 1.0 0.0] [0 1 1.0 0.0] [0 1 1.0 0.0] [0 1 1.0 0.0] [0 1 1.0 0.0] [0 1 1.0 0.0] [0 1 1.0 0.0] [0 1 1.0 0.0] [0 1 1.0 0.0] [0 1 1.0 0.0] [0 1 1.0 0.0] [0 1 1.0 0.0] [0 1 1.0 0.0] [0 1 1.0 0.0] [0 1 1.0 0.0] [0 1 1.0 0.0] [0 1 1.0 0.0] [0 1 1.0 0.0] [0 1 1.0 0.0] [0 1 1.0 0.0] [0 1 1.0 0.0] [0 1 1.0 0.0] [0 1 1.0 0.0] [0 1 1.0 0.0] [0 1 1.0 0.0] [0 1 1.0 0.0] [0 1 1.0 0.0] [0 1 1.0 0.0] [0 1 1.0 0.0] [0 1 1.0 0.0] [0 1 1.0 0.0] [0 1 1.0 0.0] [0 1 1.0 0.0] [0 1 1.0 0.0] [0 1 1.0 0.0] [0 1 1.0 0.0] [0 1 1.0 0.0] [0 1 1.0 0.0] [0 1 1.0 0.0] [0 1 1.0 0.0] [0 1 1.0 0.0] [0 1 1.0 0.0] [0 1 1.0 0.0] [0 1 1.0 0.0] [0 1 1.0 0.0] [0 1 1.0 0.0] [0 1 1.0 0.0] [0 1 1.0 0.0] [0 1 1.0 0.0] [0 1 1.0 0.0] [0 1 1.0 0.0] [0 1 1.0 0.0] [0 1 1.0 0.0] [0 1 1.0 0.0] [0 1 1.0 0.0] [0 1 1.0 0.0] [0 1 1.0 0.0] [0 1 1.0 0.0] [0 1 1.0 0.0] [0 1 1.0 0.0] [0 1 1.0 0.0] [0 1 1.0 0.0] [0 1 1.0 0.0] [0 1 1.0 0.0] [0 1 1.0 0.0] [0 1 1.0 0.0] [0 1 1.0 0.0] [0 1 1.0 0.0] [0 1 1.0 0.0] [0 1 1.0 0.0] [0 1 1.0 0.0] [0 1 1.0 0.0] [0 1 1.0 0.0] [0 1 1.0 0.0] [0 1 1.0 0.0] [0 1 1.0 0.0] [0 1 1.0 0.0] [0 1 1.0 0.0] [0 1 1.0 0.0] [0 1 1.0 0.0] [0 1 1.0 0.0] [0 1 1.0 0.0] [0 1 1.0 0.0] [0 1 1.0 0.0] [0 1 1.0 0.0] [0 1 1.0 0.0] [0 1 1.0 0.0] [0 1 1.0 0.0] [0 1 1.0 0.0] [0 1 1.0 0.0] [0 1 1.0 0.0] [0 1 1.0 0.0] [0 1 1.0 0.0] [0 1 1.0 0.0] [0 1 1.0 0.0] [0 1 1.0 0.0] [0 1 1.0 0.0] [0 1 1.0 0.0] [0 1 1.0 0.0] [0 1 1.0 0.0] [0 1 1.0 0.0] [0 1 1.0 0.0] [0 1 1.0 0.0] [0 1 1.0 0.0] [0 1 1.0 0.0] [0 1 1.0 0.0] [0 1 1.0 0.0] [0 1 1.0 0.0] [0 1 1.0 0.0] [0 1 1.0 0.0] [0 1 1.0 0.0] [0 1 1.0 0.0] [0 1 1.0 0.0] [0 1 1.0 0.0] [0 1 1.0 0.0] [0 1 1.0 0.0] [0 1 1.0 0.0] [0 1 1.0 0.0] [0 1 1.0 0.0] [0 1 1.0 0.0] [0 1 1.0 0.0] [0 1 1.0 0.0] [0 1 1.0 0.0] [0 1 1.0 0.0] [0 1 1.0 0.0] [0 1 1.0 0.0] [0 1 1.0 0.0] [0 1 1.0 0.0] [0 1 1.0 0.0] [0 1 1.0 0.0] [0 1 1.0 0.0] [0 1 1.0 0.0] [0 1 1.0 0.0] [0 1 1.0 0.0] [0 1 1.0 0.0] [0 1 1.0 0.0] [0 1 1.0 0.0] [0 1 1.0 0.0] [0 1 1.0 0.0] [0 1 1.0 0.0] [0 1 1.0 0.0]
[0 1 1.0 0.0] [0 1 1.0 0.0] [0 1 1.0 0.0] [0 1 1.0 0.0] [0 1 1.0 0.0] [0 1 1.0 0.0] [0 1 1.0 0.0] [0 1 1.0 0.0] [0 1 1.0 0.0] [0 1 1.0 0.0] [0 1 1.0 0.0] [0 1 1.0 0.0] [0 1 1.0 0.0] [0 1 1.0 0.0] [0 1 1.0 0.0] [0 1 1.0 0.0] [0 1 1.0 0.0] [0 1 1.0 0.0] [0 1 1.0 0.0] [0 1 1.0 0.0] [0 1 1.0 0.0] [0 1 1.0 0.0] [0 1 1.0 0.0] [0 1 1.0 0.0] [0 1 1.0 0.0] [0 1 1.0 0.0] [0 1 1.0 0.0] [0 1 1.0 0.0] [0 1 1.0 0.0] [0 1 1.0 0.0] [0 1 1.0 0.0] [0 1 1.0 0.0] [0 1 1.0 0.0] [0 1 1.0 0.0] [0 1 1.0 0.0] [0 1 1.0 0.0] [0 1 1.0 0.0] [0 1 1.0 0.0] [0 1 1.0 0.0] [0 1 1.0 0.0] [0 1 1.0 0.0] [0 1 1.0 0.0] [0 1 1.0 0.0] [0 1 1.0 0.0] [0 1 1.0 0.0] [0 1 1.0 0.0] [0 1 1.0 0.0] [0 1 1.0 0.0] [0 1 1.0 0.0] [0 1 1.0 0.0] [0 1 1.0 0.0] [0 1 1.0 0.0] [0 1 1.0 0.0] [0 1 1.0 0.0] [0 1 1.0 0.0] [0 1 1.0 0.0] [0 1 1.0 0.0] [0 1 1.0 0.0] [0 1 1.0 0.0] [0 1 1.0 0.0] [0 1 1.0 0.0] [0 1 1.0 0.0] [0 1 1.0 0.0] [0 1 1.0 0.0] [0 1 1.0 0.0] [0 1 1.0 0.0] [0 1 1.0 0.0] [0 1 1.0 0.0] [0 1 1.0 0.0] [0 1 1.0 0.0] [0 1 1.0 0.0] [0 1 1.0 0.0] [0 1 1.0 0.0] [0 1 1.0 0.0] [0 1 1.0 0.0] [0 1 1.0 0.0] [0 1 1.0 0.0] [0 1 1.0 0.0] [0 1 1.0 0.0] [0 1 1.0 0.0] [0 1 1.0 0.0] [0 1 1.0 0.0] [0 1 1.0 0.0] [0 1 1.0 0.0] [0 1 1.0 0.0] [0 1 1.0 0.0] [0 1 1.0 0.0] [0 1 1.0 0.0] [0 1 1.0 0.0] [0 1 1.0 0.0] [0 1 1.0 0.0] [0 1 1.0 0.0] [0 1 1.0 0.0] [0 1 1.0 0.0] [0 1 1.0 0.0] [0 1 1.0 0.0] [0 1 1.0 0.0] [0 1 1.0 0.0] [0 1 1.0 0.0] [0 1 1.0 0.0] [0 1 1.0 0.0] [0 1 1.0 0.0] [0 1 1.0 0.0] [0 1 1.0 0.0] [0 1 1.0 0.0] [0 1 1.0 0.0] [0 1 1.0 0.0] [0 1 1.0 0.0] [0 1 1.0 0.0] [0 1 1.0 0.0] [0 1 1.0 0.0] [0 1 1.0 0.0] [0 1 1.0 0.0] [0 1 1.0 0.0] [0 1 1.0 0.0] [0 1 1.0 0.0] [0 1 1.0 0.0] [0 1 1.0 0.0] [0 1 1.0 0.0] [0 1 1.0 0.0] [0 1 1.0 0.0] [0 1 1.0 0.0] [0 1 1.0 0.0] [0 1 1.0 0.0] [0 1 1.0 0.0] [0 1 1.0 0.0] [0 1 1.0 0.0] [0 1 1.0 0.0] [0 1 1.0 0.0] [0 1 1.0 0.0] [0 1 1.0 0.0] [0 1 1.0 0.0] [0 1 1.0 0.0] [0 1 1.0 0.0] [0 1 1.0 0.0] [0 1 1.0 0.0] [0 1 1.0 0.0] [0 1 1.0 0.0] [0 1 1.0 0.0] [0 1 1.0 0.0] [0 1 1.0 0.0] [0 1 1.0 0.0] [0 1 1.0 0.0] [0 1 1.0 0.0] [0 1 1.0 0.0] [0 1 1.0 0.0] [0 1 1.0 0.0] [0 1 1.0 0.0] [0 1 1.0 0.0] [0 1 1.0 0.0] [0 1 1.0 0.0] [0 1 1.0 0.0] [0 1 1.0 0.0] [0 1 1.0 0.0] [0 1 1.0 0.0] [0 1 1.0 0.0] [0 1 1.0 0.0] [0 1 1.0 0.0] [0 1 1.0 0.0] [0 1 1.0 0.0]
[0 1 1.0 0.0] [0 1 1.0 0.0] [0 1 1.0 0.0] [0 1 1.0 0.0] [0 1 1.0 0.0] [0 1 1.0 0.0] [0 1 1.0 0.0] [0 1 1.0 0.0] [0 1 1.0 0.0] [0 1 1.0 0.0] [0 1 1.0 0.0] [0 1 1.0 0.0] [0 1 1.0 0.0] [0 1 1.0 0.0] [0 1 1.0 0.0] [0 1 1.0 0.0] [0 1 1.0 0.0] [0 1 1.0 0.0] [0 1 1.0 0.0] [0 1 1.0 0.0] [0 1 1.0 0.0] [0 1 1.0 0.0] [0 1 1.0 0.0] [0 1 1.0 0.0] [0 1 1.0 0.0] [0 1 1.0 0.0] [0 1 1.0 0.0] [0 1 1.0 0.0] [0 1 1.0 0.0] [0 1 1.0 0.0] [0 1 1.0 0.0] [0 1 1.0 0.0] [0 1 1.0 0.0] [0 1 1.0 0.0] [0 1 1.0 0.0] [0 1 1.0 0.0] [0 1 1.0 0.0] [0 1 1.0 0.0] [0 1 1.0 0.0] [0 1 1.0 0.0] [0 1 1.0 0.0] [0 1 1.0 0.0] [0 1 1.0 0.0] [0 1 1.0 0.0] [0 1 1.0 0.0] [0 1 1.0 0.0] [0 1 1.0 0.0] [0 1 1.0 0.0] [0 1 1.0 0.0] [0 1 1.0 0.0] [0 1 1.0 0.0] [0 1 1.0 0.0] [0 1 1.0 0.0] [0 1 1.0 0.0] [0 1 1.0 0.0] [0 1 1.0 0.0] [0 1 1.0 0.0] [0 1 1.0 0.0] [0 1 1.0 0.0] [0 1 1.0 0.0] [0 1 1.0 0.0] [0 1 1.0 0.0] [0 1 1.0 0.0] [0 1 1.0 0.0] [0 1 1.0 0.0] [0 1 1.0 0.0] [0 1 1.0 0.0] [0 1 1.0 0.0] [0 1 1.0 0.0] [0 1 1.0 0.0] [0 1 1.0 0.0] [0 1 1.0 0.0] [0 1 1.0 0.0] [0 1 1.0 0.0] [0 1 1.0 0.0] [0 1 1.0 0.0] [0 1 1.0 0.0] [0 1 1.0 0.0] [0 1 1.0 0.0] [0 1 1.0 0.0] [0 1 1.0 0.0] [0 1 1.0 0.0] [0 1 1.0 0.0] [0 1 1.0 0.0] [0 1 1.0 0.0] [0 1 1.0 0.0] [0 1 1.0 0.0] [0 1 1.0 0.0] [0 1 1.0 0.0] [0 1 1.0 0.0] [0 1 1.0 0.0] [0 1 1.0 0.0] [0 1 1.0 0.0] [0 1 1.0 0.0] [0 1 1.0 0.0] [0 1 1.0 0.0] [0 1 1.0 0.0] [0 1 1.0 0.0] [0 1 1.0 0.0] [0 1 1.0 0.0] [0 1 1.0 0.0] [0 1 1.0 0.0] [0 1 1.0 0.0] [0 1 1.0 0.0] [0 1 1.0 0.0] [0 1 1.0 0.0] [0 1 1.0 0.0] [0 1 1.0 0.0] [0 1 1.0 0.0] [0 1 1.0 0.0] [0 1 1.0 0.0] [0 1 1.0 0.0] [0 1 1.0 0.0] [0 1 1.0 0.0] [0 1 1.0 0.0] [0 1 1.0 0.0] [0 1 1.0 0.0] [0 1 1.0 0.0] [0 1 1.0 0.0] [0 1 1.0 0.0] [0 1 1.0 0.0] [0 1 1.0 0.0] [0 1 1.0 0.0] [0 1 1.0 0.0] [0 1 1.0 0.0] [0 1 1.0 0.0] [0 1 1.0 0.0] [0 1 1.0 0.0] [0 1 1.0 0.0] [0 1 1.0 0.0] [0 1 1.0 0.0] [0 1 1.0 0.0] [0 1 1.0 0.0] [0 1 1.0 0.0] [0 1 1.0 0.0] [0 1 1.0 0.0] [0 1 1.0 0.0] [0 1 1.0 0.0] [0 1 1.0 0.0] [0 1 1.0 0.0] [0 1 1.0 0.0] [0 1 1.0 0.0] [0 1 1.0 0.0] [0 1 1.0 0.0] [0 1 1.0 0.0] [0 1 1.0 0.0] [0 1 1.0 0.0] [0 1 1.0 0.0] [0 1 1.0 0.0] [0 1 1.0 0.0] [0 1 1.0 0.0] [0 1 1.0 0.0] [0 1 1.0 0.0] [0 1 1.0 0.0] [0 1 1.0 0.0] [0 1 1.0 0.0] [0 1 1.0 0.0] [0 1 1.0 0.0] [0 1 1.0 0.0] [0 1 1.0 0.0]
[0 1 1.0 0.0] [0 1 1.0 0.0] [0 1 1.0 0.0] [0 1 1.0 0.0] [0 1 1.0 0.0] [0 1 1.0 0.0] [0 1 1.0 0.0] [0 1 1.0 0.0] [0 1 1.0 0.0] [0 1 1.0 0.0] [0 1 1.0 0.0] [0 1 1.0 0.0] [0 1 1.0 0.0] [0 1 1.0 0.0] [0 1 1.0 0.0] [0 1 1.0 0.0] [0 1 1.0 0.0] [0 1 1.0 0.0] [0 1 1.0 0.0] [0 1 1.0 0.0] [0 1 1.0 0.0] [0 1 1.0 0.0] [0 1 1.0 0.0] [0 1 1.0 0.0] [0 1 1.0 0.0] [0 1 1.0 0.0] [0 1 1.0 0.0] [0 1 1.0 0.0] [0 1 1.0 0.0] [0 1 1.0 0.0] [0 1 1.0 0.0] [0 1 1.0 0.0] [0 1 1.0 0.0] [0 1 1.0 0.0] [0 1 1.0 0.0] [0 1 1.0 0.0] [0 1 1.0 0.0] [0 1 1.0 0.0] [0 1 1.0 0.0] [0 1 1.0 0.0] [0 1 1.0 0.0] [0 1 1.0 0.0] [0 1 1.0 0.0] [0 1 1.0 0.0] [0 1 1.0 0.0] [0 1 1.0 0.0] [0 1 1.0 0.0] [0 1 1.0 0.0] [0 1 1.0 0.0] [0 1 1.0 0.0] [0 1 1.0 0.0] [0 1 1.0 0.0] [0 1 1.0 0.0] [0 1 1.0 0.0] [0 1 1.0 0.0] [0 1 1.0 0.0] [0 1 1.0 0.0] [0 1 1.0 0.0] [0 1 1.0 0.0] [0 1 1.0 0.0] [0 1 1.0 0.0] [0 1 1.0 0.0] [0 1 1.0 0.0] [0 1 1.0 0.0] [0 1 1.0 0.0] [0 1 1.0 0.0] [0 1 1.0 0.0] [0 1 1.0 0.0] [0 1 1.0 0.0] [0 1 1.0 0.0] [0 1 1.0 0.0] [0 1 1.0 0.0] [0 1 1.0 0.0] [0 1 1.0 0.0] [0 1 1.0 0.0] [0 1 1.0 0.0] [0 1 1.0 0.0] [0 1 1.0 0.0] [0 1 1.0 0.0] [0 1 1.0 0.0] [0 1 1.0 0.0] [0 1 1.0 0.0] [0 1 1.0 0.0] [0 1 1.0 0.0] [0 1 1.0 0.0] [0 1 1.0 0.0] [0 1 1.0 0.0] [0 1 1.0 0.0] [0 1 1.0 0.0] [0 1 1.0 0.0] [0 1 1.0 0.0] [0 1 1.0 0.0] [0 1 1.0 0.0] [0 1 1.0 0.0] [0 1 1.0 0.0] [0 1 1.0 0.0] [0 1 1.0 0.0] [0 1 1.0 0.0] [0 1 1.0 0.0] [0 1 1.0 0.0] [0 1 1.0 0.0] [0 1 1.0 0.0] [0 1 1.0 0.0] [0 1 1.0 0.0] [0 1 1.0 0.0] [0 1 1.0 0.0] [0 1 1.0 0.0] [0 1 1.0 0.0] [0 1 1.0 0.0] [0 1 1.0 0.0] [0 1 1.0 0.0] [0 1 1.0 0.0] [0 1 1.0 0.0] [0 1 1.0 0.0] [0 1 1.0 0.0] [0 1 1.0 0.0] [0 1 1.0 0.0] [0 1 1.0 0.0] [0 1 1.0 0.0] [0 1 1.0 0.0] [0 1 1.0 0.0] [0 1 1.0 0.0] [0 1 1.0 0.0] [0 1 1.0 0.0] [0 1 1.0 0.0] [0 1 1.0 0.0] [0 1 1.0 0.0] [0 1 1.0 0.0] [0 1 1.0 0.0] [0 1 1.0 0.0] [0 1 1.0 0.0] [0 1 1.0 0.0] [0 1 1.0 0.0] [0 1 1.0 0.0] [0 1 1.0 0.0] [0 1 1.0 0.0] [0 1 1.0 0.0] [0 1 1.0 0.0] [0 1 1.0 0.0] [0 1 1.0 0.0] [0 1 1.0 0.0] [0 1 1.0 0.0] [0 1 1.0 0.0] [0 1 1.0 0.0] [0 1 1.0 0.0] [0 1 1.0 0.0] [0 1 1.0 0.0] [0 1 1.0 0.0] [0 1 1.0 0.0] [0 1 1.0 0.0] [0 1 1.0 0.0] [0 1 1.0 0.0] [0 1 1.0 0.0] [0 1 1.0 0.0] [0 1 1.0 0.0] [0 1 1.0 0.0] [0 1 1.0 0.0] [0 1 1.0 0.0] [0 1 1.0 0.0] [0 1 1.0 0.0]
[0 1 1.0 0.0] [0 1 1.0 0.0] [0 1 1.0 0.0] [0 1 1.0 0.0] [0 1 1.0 0.0] [0 1 1.0 0.0] [0 1 1.0 0.0] [0 1 1.0 0.0] [0 1 1.0 0.0] [0 1 1.0 0.0] [0 1 1.0 0.0] [0 1 1.0 0.0] [0 1 1.0 0.0] [0 1 1.0 0.0] [0 1 1.0 0.0] [0 1 1.0 0.0] [0 1 1.0 0.0] [0 1 1.0 0.0] [0 1 1.0 0.0] [0 1 1.0 0.0] [0 1 1.0 0.0] [0 1 1.0 0.0] [0 1 1.0 0.0] [0 1 1.0 0.0] [0 1 1.0 0.0] [0 1 1.0 0.0] [0 1 1.0 0.0] [0 1 1.0 0.0] [0 1 1.0 0.0] [0 1 1.0 0.0] [0 1 1.0 0.0] [0 1 1.0 0.0] [0 1 1.0 0.0] [0 1 1.0 0.0] [0 1 1.0 0.0] [0 1 1.0 0.0] [0 1 1.0 0.0] [0 1 1.0 0.0] [0 1 1.0 0.0] [0 1 1.0 0.0] [0 1 1.0 0.0] [0 1 1.0 0.0] [0 1 1.0 0.0] [0 1 1.0 0.0] [0 1 1.0 0.0] [0 1 1.0 0.0] [0 1 1.0 0.0] [0 1 1.0 0.0] [0 1 1.0 0.0] [0 1 1.0 0.0] [0 1 1.0 0.0] [0 1 1.0 0.0] [0 1 1.0 0.0] [0 1 1.0 0.0] [0 1 1.0 0.0] [0 1 1.0 0.0] [0 1 1.0 0.0] [0 1 1.0 0.0] [0 1 1.0 0.0] [0 1 1.0 0.0] [0 1 1.0 0.0] [0 1 1.0 0.0] [0 1 1.0 0.0] [0 1 1.0 0.0] [0 1 1.0 0.0] [0 1 1.0 0.0] [0 1 1.0 0.0] [0 1 1.0 0.0] [0 1 1.0 0.0] [0 1 1.0 0.0] [0 1 1.0 0.0] [0 1 1.0 0.0] [0 1 1.0 0.0] [0 1 1.0 0.0] [0 1 1.0 0.0] [0 1 1.0 0.0] [0 1 1.0 0.0] [0 1 1.0 0.0] [0 1 1.0 0.0] [0 1 1.0 0.0] [0 1 1.0 0.0] [0 1 1.0 0.0] [0 1 1.0 0.0] [0 1 1.0 0.0] [0 1 1.0 0.0] [0 1 1.0 0.0] [0 1 1.0 0.0] [0 1 1.0 0.0] [0 1 1.0 0.0] [0 1 1.0 0.0] [0 1 1.0 0.0] [0 1 1.0 0.0] [0 1 1.0 0.0] [0 1 1.0 0.0] [0 1 1.0 0.0] [0 1 1.0 0.0] [0 1 1.0 0.0] [0 1 1.0 0.0] [0 1 1.0 0.0] [0 1 1.0 0.0] [0 1 1.0 0.0] [0 1 1.0 0.0] [0 1 1.0 0.0] [0 1 1.0 0.0] [0 1 1.0 0.0] [0 1 1.0 0.0] [0 1 1.0 0.0] [0 1 1.0 0.0] [0 1 1.0 0.0] [0 1 1.0 0.0] [0 1 1.0 0.0] [0 1 1.0 0.0] [0 1 1.0 0.0] [0 1 1.0 0.0] [0 1 1.0 0.0] [0 1 1.0 0.0] [0 1 1.0 0.0] [0 1 1.0 0.0] [0 1 1.0 0.0] [0 1 1.0 0.0] [0 1 1.0 0.0] [0 1 1.0 0.0] [0 1 1.0 0.0] [0 1 1.0 0.0] [0 1 1.0 0.0] [0 1 1.0 0.0] [0 1 1.0 0.0] [0 1 1.0 0.0] [0 1 1.0 0.0] [0 1 1.0 0.0] [0 1 1.0 0.0] [0 1 1.0 0.0] [0 1 1.0 0.0] [0 1 1.0 0.0] [0 1 1.0 0.0] [0 1 1.0 0.0] [0 1 1.0 0.0] [0 1 1.0 0.0] [0 1 1.0 0.0] [0 1 1.0 0.0] [0 1 1.0 0.0] [0 1 1.0 0.0] [0 1 1.0 0.0] [0 1 1.0 0.0] [0 1 1.0 0.0] [0 1 1.0 0.0] [0 1 1.0 0.0] [0 1 1.0 0.0] [0 1 1.0 0.0] [0 1 1.0 0.0] [0 1 1.0 0.0] [0 1 1.0 0.0] [0 1 1.0 0.0] [0 1 1.0 0.0] [0 1 1.0 0.0] [0 1 1.0 0.0] [0 1 1.0 0.0] [0 1 1.0 0.0] [0 1 1.0 0.0] [0 1 1.0 0.0]
[0 1 1.0 0.0] [0 1 1.0 0.0] [0 1 1.0 0.0] [0 1 1.0 0.0] [0 1 1.0 0.0] [0 1 1.0 0.0] [0 1 1.0 0.0] [0 1 1.0 0.0] [0 1 1.0 0.0] [0 1 1.0 0.0] [0 1 1.0 0.0] [0 1 1.0 0.0] [0 1 1.0 0.0] [0 1 1.0 0.0] [0 1 1.0 0.0] [0 1 1.0 0.0] [0 1 1.0 0.0] [0 1 1.0 0.0] [0 1 1.0 0.0] [0 1 1.0 0.0] [0 1 1.0 0.0] [0 1 1.0 0.0] [0 1 1.0 0.0] [0 1 1.0 0.0] [0 1 1.0 0.0] [0 1 1.0 0.0] [0 1 1.0 0.0] [0 1 1.0 0.0] [0 1 1.0 0.0] [0 1 1.0 0.0] [0 1 1.0 0.0] [0 1 1.0 0.0] [0 1 1.0 0.0] [0 1 1.0 0.0] [0 1 1.0 0.0] [0 1 1.0 0.0] [0 1 1.0 0.0] [0 1 1.0 0.0] [0 1 1.0 0.0] [0 1 1.0 0.0] [0 1 1.0 0.0] [0 1 1.0 0.0] [0 1 1.0 0.0] [0 1 1.0 0.0] [0 1 1.0 0.0] [0 1 1.0 0.0] [0 1 1.0 0.0] [0 1 1.0 0.0] [0 1 1.0 0.0] [0 1 1.0 0.0] [0 1 1.0 0.0] [0 1 1.0 0.0] [0 1 1.0 0.0] [0 1 1.0 0.0] [0 1 1.0 0.0] [0 1 1.0 0.0] [0 1 1.0 0.0] [0 1 1.0 0.0] [0 1 1.0 0.0] [0 1 1.0 0.0] [0 1 1.0 0.0] [0 1 1.0 0.0] [0 1 1.0 0.0] [0 1 1.0 0.0] [0 1 1.0 0.0] [0 1 1.0 0.0] [0 1 1.0 0.0] [0 1 1.0 0.0] [0 1 1.0 0.0] [0 1 1.0 0.0] [0 1 1.0 0.0] [0 1 1.0 0.0] [0 1 1.0 0.0] [0 1 1.0 0.0] [0 1 1.0 0.0] [0 1 1.0 0.0] [0 1 1.0 0.0] [0 1 1.0 0.0] [0 1 1.0 0.0] [0 1 1.0 0.0] [0 1 1.0 0.0] [0 1 1.0 0.0] [0 1 1.0 0.0] [0 1 1.0 0.0] [0 1 1.0 0.0] [0 1 1.0 0.0] [0 1 1.0 0.0] [0 1 1.0 0.0] [0 1 1.0 0.0] [0 1 1.0 0.0] [0 1 1.0 0.0] [0 1 1.0 0.0] [0 1 1.0 0.0] [0 1 1.0 0.0] [0 1 1.0 0.0] [0 1 1.0 0.0] [0 1 1.0 0.0] [0 1 1.0 0.0] [0 1 1.0 0.0] [0 1 1.0 0.0] [0 1 1.0 0.0] [0 1 1.0 0.0] [0 1 1.0 0.0] [0 1 1.0 0.0] [0 1 1.0 0.0] [0 1 1.0 0.0] [0 1 1.0 0.0] [0 1 1.0 0.0] [0 1 1.0 0.0] [0 1 1.0 0.0] [0 1 1.0 0.0] [0 1 1.0 0.0] [0 1 1.0 0.0] [0 1 1.0 0.0] [0 1 1.0 0.0] [0 1 1.0 0.0] [0 1 1.0 0.0] [0 1 1.0 0.0] [0 1 1.0 0.0] [0 1 1.0 0.0] [0 1 1.0 0.0] [0 1 1.0 0.0] [0 1 1.0 0.0] [0 1 1.0 0.0] [0 1 1.0 0.0] [0 1 1.0 0.0] [0 1 1.0 0.0] [0 1 1.0 0.0] [0 1 1.0 0.0] [0 1 1.0 0.0] [0 1 1.0 0.0] [0 1 1.0 0.0] [0 1 1.0 0.0] [0 1 1.0 0.0] [0 1 1.0 0.0] [0 1 1.0 0.0] [0 1 1.0 0.0] [0 1 1.0 0.0] [0 1 1.0 0.0] [0 1 1.0 0.0] [0 1 1.0 0.0] [0 1 1.0 0.0] [0 1 1.0 0.0] [0 1 1.0 0.0] [0 1 1.0 0.0] [0 1 1.0 0.0] [0 1 1.0 0.0] [0 1 1.0 0.0] [0 1 1.0 0.0] [0 1 1.0 0.0] [0 1 1.0 0.0] [0 1 1.0 0.0] [0 1 1.0 0.0] [0 1 1.0 0.0] [0 1 1.0 0.0] [0 1 1.0 0.0] [0 1 1.0 0.0] [0 1 1.0 0.0] [0 1 1.0 0.0] [0 1 1.0 0.0]
[0 1 1.0 0.0] [0 1 1.0 0.0] [0 1 1.0 0.0] [0 1 1.0 0.0] [0 1 1.0 0.0] [0 1 1.0 0.0] [0 1 1.0 0.0] [0 1 1.0 0.0] [0 1 1.0 0.0] [0 1 1.0 0.0] [0 1 1.0 0.0] [0 1 1.0 0.0] [0 1 1.0 0.0] [0 1 1.0 0.0] [0 1 1.0 0.0] [0 1 1.0 0.0] [0 1 1.0 0.0] [0 1 1.0 0.0] [0 1 1.0 0.0] [0 1 1.0 0.0] [0 1 1.0 0.0] [0 1 1.0 0.0] [0 1 1.0 0.0] [0 1 1.0 0.0] [0 1 1.0 0.0] [0 1 1.0 0.0] [0 1 1.0 0.0] [0 1 1.0 0.0] [0 1 1.0 0.0] [0 1 1.0 0.0] [0 1 1.0 0.0] [0 1 1.0 0.0] [0 1 1.0 0.0] [0 1 1.0 0.0] [0 1 1.0 0.0] [0 1 1.0 0.0] [0 1 1.0 0.0] [0 1 1.0 0.0] [0 1 1.0 0.0] [0 1 1.0 0.0] [0 1 1.0 0.0] [0 1 1.0 0.0] [0 1 1.0 0.0] [0 1 1.0 0.0] [0 1 1.0 0.0] [0 1 1.0 0.0] [0 1 1.0 0.0] [0 1 1.0 0.0] [0 1 1.0 0.0] [0 1 1.0 0.0] [0 1 1.0 0.0] [0 1 1.0 0.0] [0 1 1.0 0.0] [0 1 1.0 0.0] [0 1 1.0 0.0] [0 1 1.0 0.0] [0 1 1.0 0.0] [0 1 1.0 0.0] [0 1 1.0 0.0] [0 1 1.0 0.0] [0 1 1.0 0.0] [0 1 1.0 0.0] [0 1 1.0 0.0] [0 1 1.0 0.0] [0 1 1.0 0.0] [0 1 1.0 0.0] [0 1 1.0 0.0] [0 1 1.0 0.0] [0 1 1.0 0.0] [0 1 1.0 0.0] [0 1 1.0 0.0] [0 1 1.0 0.0] [0 1 1.0 0.0] [0 1 1.0 0.0] [0 1 1.0 0.0] [0 1 1.0 0.0] [0 1 1.0 0.0] [0 1 1.0 0.0] [0 1 1.0 0.0] [0 1 1.0 0.0] [0 1 1.0 0.0] [0 1 1.0 0.0] [0 1 1.0 0.0] [0 1 1.0 0.0] [0 1 1.0 0.0] [0 1 1.0 0.0] [0 1 1.0 0.0] [0 1 1.0 0.0] [0 1 1.0 0.0] [0 1 1.0 0.0] [0 1 1.0 0.0] [0 1 1.0 0.0] [0 1 1.0 0.0] [0 1 1.0 0.0] [0 1 1.0 0.0] [0 1 1.0 0.0] [0 1 1.0 0.0] [0 1 1.0 0.0] [0 1 1.0 0.0] [0 1 1.0 0.0] [0 1 1.0 0.0] [0 1 1.0 0.0] [0 1 1.0 0.0] [0 1 1.0 0.0] [0 1 1.0 0.0] [0 1 1.0 0.0] [0 1 1.0 0.0] [0 1 1.0 0.0] [0 1 1.0 0.0] [0 1 1.0 0.0] [0 1 1.0 0.0] [0 1 1.0 0.0] [0 1 1.0 0.0] [0 1 1.0 0.0] [0 1 1.0 0.0] [0 1 1.0 0.0] [0 1 1.0 0.0] [0 1 1.0 0.0] [0 1 1.0 0.0] [0 1 1.0 0.0] [0 1 1.0 0.0] [0 1 1.0 0.0] [0 1 1.0 0.0] [0 1 1.0 0.0] [0 1 1.0 0.0] [0 1 1.0 0.0] [0 1 1.0 0.0] [0 1 1.0 0.0] [0 1 1.0 0.0] [0 1 1.0 0.0] [0 1 1.0 0.0] [0 1 1.0 0.0] [0 1 1.0 0.0] [0 1 1.0 0.0] [0 1 1.0 0.0] [0 1 1.0 0.0] [0 1 1.0 0.0] [0 1 1.0 0.0] [0 1 1.0 0.0] [0 1 1.0 0.0] [0 1 1.0 0.0] [0 1 1.0 0.0] [0 1 1.0 0.0] [0 1 1.0 0.0] [0 1 1.0 0.0] [0 1 1.0 0.0] [0 1 1.0 0.0] [0 1 1.0 0.0] [0 1 1.0 0.0] [0 1 1.0 0.0] [0 1 1.0 0.0] [0 1 1.0 0.0] [0 1 1.0 0.0] [0 1 1.0 0.0] [0 1 1.0 0.0] [0 1 1.0 0.0] [0 1 1.0 0.0] [0 1 1.0 0.0] [0 1 1.0 0.0] [0 1 1.0 0.0]
[0 1 1.0 0.0] [0 1 1.0 0.0] [0 1 1.0 0.0] [0 1 1.0 0.0] [0 1 1.0 0.0] [0 1 1.0 0.0] [0 1 1.0 0.0] [0 1 1.0 0.0] [0 1 1.0 0.0] [0 1 1.0 0.0] [0 1 1.0 0.0] [0 1 1.0 0.0] [0 1 1.0 0.0] [0 1 1.0 0.0] [0 1 1.0 0.0] [0 1 1.0 0.0] [0 1 1.0 0.0] [0 1 1.0 0.0] [0 1 1.0 0.0] [0 1 1.0 0.0] [0 1 1.0 0.0] [0 1 1.0 0.0] [0 1 1.0 0.0] [0 1 1.0 0.0] [0 1 1.0 0.0] [0 1 1.0 0.0] [0 1 1.0 0.0] [0 1 1.0 0.0] [0 1 1.0 0.0] [0 1 1.0 0.0] [0 1 1.0 0.0] [0 1 1.0 0.0] [0 1 1.0 0.0] [0 1 1.0 0.0] [0 1 1.0 0.0] [0 1 1.0 0.0] [0 1 1.0 0.0] [0 1 1.0 0.0] [0 1 1.0 0.0] [0 1 1.0 0.0] [0 1 1.0 0.0] [0 1 1.0 0.0] [0 1 1.0 0.0] [0 1 1.0 0.0] [0 1 1.0 0.0] [0 1 1.0 0.0] [0 1 1.0 0.0] [0 1 1.0 0.0] [0 1 1.0 0.0] [0 1 1.0 0.0] [0 1 1.0 0.0] [0 1 1.0 0.0] [0 1 1.0 0.0] [0 1 1.0 0.0] [0 1 1.0 0.0] [0 1 1.0 0.0] [0 1 1.0 0.0] [0 1 1.0 0.0] [0 1 1.0 0.0] [0 1 1.0 0.0] [0 1 1.0 0.0] [0 1 1.0 0.0] [0 1 1.0 0.0] [0 1 1.0 0.0] [0 1 1.0 0.0] [0 1 1.0 0.0] [0 1 1.0 0.0] [0 1 1.0 0.0] [0 1 1.0 0.0] [0 1 1.0 0.0] [0 1 1.0 0.0] [0 1 1.0 0.0] [0 1 1.0 0.0] [0 1 1.0 0.0] [0 1 1.0 0.0] [0 1 1.0 0.0] [0 1 1.0 0.0] [0 1 1.0 0.0] [0 1 1.0 0.0] [0 1 1.0 0.0] [0 1 1.0 0.0] [0 1 1.0 0.0] [0 1 1.0 0.0] [0 1 1.0 0.0] [0 1 1.0 0.0] [0 1 1.0 0.0] [0 1 1.0 0.0] [0 1 1.0 0.0] [0 1 1.0 0.0] [0 1 1.0 0.0] [0 1 1.0 0.0] [0 1 1.0 0.0] [0 1 1.0 0.0] [0 1 1.0 0.0] [0 1 1.0 0.0] [0 1 1.0 0.0] [0 1 1.0 0.0] [0 1 1.0 0.0] [0 1 1.0 0.0] [0 1 1.0 0.0] [0 1 1.0 0.0] [0 1 1.0 0.0] [0 1 1.0 0.0] [0 1 1.0 0.0] [0 1 1.0 0.0] [0 1 1.0 0.0] [0 1 1.0 0.0] [0 1 1.0 0.0] [0 1 1.0 0.0] [0 1 1.0 0.0] [0 1 1.0 0.0] [0 1 1.0 0.0] [0 1 1.0 0.0] [0 1 1.0 0.0] [0 1 1.0 0.0] [0 1 1.0 0.0] [0 1 1.0 0.0] [0 1 1.0 0.0] [0 1 1.0 0.0] [0 1 1.0 0.0] [0 1 1.0 0.0] [0 1 1.0 0.0] [0 1 1.0 0.0] [0 1 1.0 0.0] [0 1 1.0 0.0] [0 1 1.0 0.0] [0 1 1.0 0.0] [0 1 1.0 0.0] [0 1 1.0 0.0] [0 1 1.0 0.0] [0 1 1.0 0.0] [0 1 1.0 0.0] [0 1 1.0 0.0] [0 1 1.0 0.0] [0 1 1.0 0.0] [0 1 1.0 0.0] [0 1 1.0 0.0] [0 1 1.0 0.0] [0 1 1.0 0.0] [0 1 1.0 0.0] [0 1 1.0 0.0] [0 1 1.0 0.0] [0 1 1.0 0.0] [0 1 1.0 0.0] [0 1 1.0 0.0] [0 1 1.0 0.0] [0 1 1.0 0.0] [0 1 1.0 0.0] [0 1 1.0 0.0] [0 1 1.0 0.0] [0 1 1.0 0.0] [0 1 1.0 0.0] [0 1 1.0 0.0] [0 1 1.0 0.0] [0 1 1.0 0.0] [0 1 1.0 0.0] [0 1 1.0 0.0] [0 1 1.0 0.0] [0 1 1.0 0.0] [0 1 1.0 0.0]
[0 1 1.0 0.0] [0 1 1.0 0.0] [0 1 1.0 0.0] [0 1 1.0 0.0] [0 1 1.0 0.0] [0 1 1.0 0.0] [0 1 1.0 0.0] [0 1 1.0 0.0] [0 1 1.0 0.0] [0 1 1.0 0.0] [0 1 1.0 0.0] [0 1 1.0 0.0] [0 1 1.0 0.0] [0 1 1.0 0.0] [0 1 1.0 0.0] [0 1 1.0 0.0] [0 1 1.0 0.0] [0 1 1.0 0.0] [0 1 1.0 0.0] [0 1 1.0 0.0] [0 1 1.0 0.0] [0 1 1.0 0.0] [0 1 1.0 0.0] [0 1 1.0 0.0] [0 1 1.0 0.0] [0 1 1.0 0.0] [0 1 1.0 0.0] [0 1 1.0 0.0] [0 1 1.0 0.0] [0 1 1.0 0.0] [0 1 1.0 0.0] [0 1 1.0 0.0] [0 1 1.0 0.0] [0 1 1.0 0.0] [0 1 1.0 0.0] [0 1 1.0 0.0] [0 1 1.0 0.0] [0 1 1.0 0.0] [0 1 1.0 0.0] [0 1 1.0 0.0] [0 1 1.0 0.0] [0 1 1.0 0.0] [0 1 1.0 0.0] [0 1 1.0 0.0] [0 1 1.0 0.0] [0 1 1.0 0.0] [0 1 1.0 0.0] [0 1 1.0 0.0] [0 1 1.0 0.0] [0 1 1.0 0.0] [0 1 1.0 0.0] [0 1 1.0 0.0] [0 1 1.0 0.0] [0 1 1.0 0.0] [0 1 1.0 0.0] [0 1 1.0 0.0] [0 1 1.0 0.0] [0 1 1.0 0.0] [0 1 1.0 0.0] [0 1 1.0 0.0] [0 1 1.0 0.0] [0 1 1.0 0.0] [0 1 1.0 0.0] [0 1 1.0 0.0] [0 1 1.0 0.0] [0 1 1.0 0.0] [0 1 1.0 0.0] [0 1 1.0 0.0] [0 1 1.0 0.0] [0 1 1.0 0.0] [0 1 1.0 0.0] [0 1 1.0 0.0] [0 1 1.0 0.0] [0 1 1.0 0.0] [0 1 1.0 0.0] [0 1 1.0 0.0] [0 1 1.0 0.0] [0 1 1.0 0.0] [0 1 1.0 0.0] [0 1 1.0 0.0] [0 1 1.0 0.0] [0 1 1.0 0.0] [0 1 1.0 0.0] [0 1 1.0 0.0] [0 1 1.0 0.0] [0 1 1.0 0.0] [0 1 1.0 0.0] [0 1 1.0 0.0] [0 1 1.0 0.0] [0 1 1.0 0.0] [0 1 1.0 0.0] [0 1 1.0 0.0] [0 1 1.0 0.0] [0 1 1.0 0.0] [0 1 1.0 0.0] [0 1 1.0 0.0] [0 1 1.0 0.0] [0 1 1.0 0.0] [0 1 1.0 0.0] [0 1 1.0 0.0] [0 1 1.0 0.0] [0 1 1.0 0.0] [0 1 1.0 0.0] [0 1 1.0 0.0] [0 1 1.0 0.0] [0 1 1.0 0.0] [0 1 1.0 0.0] [0 1 1.0 0.0] [0 1 1.0 0.0] [0 1 1.0 0.0] [0 1 1.0 0.0] [0 1 1.0 0.0] [0 1 1.0 0.0] [0 1 1.0 0.0] [0 1 1.0 0.0] [0 1 1.0 0.0] [0 1 1.0 0.0] [0 1 1.0 0.0] [0 1 1.0 0.0] [0 1 1.0 0.0] [0 1 1.0 0.0] [0 1 1.0 0.0] [0 1 1.0 0.0] [0 1 1.0 0.0] [0 1 1.0 0.0] [0 1 1.0 0.0] [0 1 1.0 0.0] [0 1 1.0 0.0] [0 1 1.0 0.0] [0 1 1.0 0.0] [0 1 1.0 0.0] [0 1 1.0 0.0] [0 1 1.0 0.0] [0 1 1.0 0.0] [0 1 1.0 0.0] [0 1 1.0 0.0] [0 1 1.0 0.0] [0 1 1.0 0.0] [0 1 1.0 0.0] [0 1 1.0 0.0] [0 1 1.0 0.0] [0 1 1.0 0.0] [0 1 1.0 0.0] [0 1 1.0 0.0] [0 1 1.0 0.0] [0 1 1.0 0.0] [0 1 1.0 0.0] [0 1 1.0 0.0] [0 1 1.0 0.0] [0 1 1.0 0.0] [0 1 1.0 0.0] [0 1 1.0 0.0] [0 1 1.0 0.0] [0 1 1.0 0.0] [0 1 1.0 0.0] [0 1 1.0 0.0] [0 1 1.0 0.0] [0 1 1.0 0.0] [0 1 1.0 0.0] [0 1 1.0 0.0]
[0 1 1.0 0.0] [0 1 1.0 0.0] [0 1 1.0 0.0] [0 1 1.0 0.0] [0 1 1.0 0.0] [0 1 1.0 0.0] [0 1 1.0 0.0] [0 1 1.0 0.0] [0 1 1.0 0.0] [0 1 1.0 0.0] [0 1 1.0 0.0] [0 1 1.0 0.0] [0 1 1.0 0.0] [0 1 1.0 0.0] [0 1 1.0 0.0] [0 1 1.0 0.0] [0 1 1.0 0.0] [0 1 1.0 0.0] [0 1 1.0 0.0] [0 1 1.0 0.0] [0 1 1.0 0.0] [0 1 1.0 0.0] [0 1 1.0 0.0] [0 1 1.0 0.0] [0 1 1.0 0.0] [0 1 1.0 0.0] [0 1 1.0 0.0] [0 1 1.0 0.0] [0 1 1.0 0.0] [0 1 1.0 0.0] [0 1 1.0 0.0] [0 1 1.0 0.0] [0 1 1.0 0.0] [0 1 1.0 0.0] [0 1 1.0 0.0] [0 1 1.0 0.0] [0 1 1.0 0.0] [0 1 1.0 0.0] [0 1 1.0 0.0] [0 1 1.0 0.0] [0 1 1.0 0.0] [0 1 1.0 0.0] [0 1 1.0 0.0] [0 1 1.0 0.0] [0 1 1.0 0.0] [0 1 1.0 0.0] [0 1 1.0 0.0] [0 1 1.0 0.0] [0 1 1.0 0.0] [0 1 1.0 0.0] [0 1 1.0 0.0] [0 1 1.0 0.0] [0 1 1.0 0.0] [0 1 1.0 0.0] [0 1 1.0 0.0] [0 1 1.0 0.0] [0 1 1.0 0.0] [0 1 1.0 0.0] [0 1 1.0 0.0] [0 1 1.0 0.0] [0 1 1.0 0.0] [0 1 1.0 0.0] [0 1 1.0 0.0] [0 1 1.0 0.0] [0 1 1.0 0.0] [0 1 1.0 0.0] [0 1 1.0 0.0] [0 1 1.0 0.0] [0 1 1.0 0.0] [0 1 1.0 0.0] [0 1 1.0 0.0] [0 1 1.0 0.0] [0 1 1.0 0.0] [0 1 1.0 0.0] [0 1 1.0 0.0] [0 1 1.0 0.0] [0 1 1.0 0.0] [0 1 1.0 0.0] [0 1 1.0 0.0] [0 1 1.0 0.0] [0 1 1.0 0.0] [0 1 1.0 0.0] [0 1 1.0 0.0] [0 1 1.0 0.0] [0 1 1.0 0.0] [0 1 1.0 0.0] [0 1 1.0 0.0] [0 1 1.0 0.0] [0 1 1.0 0.0] [0 1 1.0 0.0] [0 1 1.0 0.0] [0 1 1.0 0.0] [0 1 1.0 0.0] [0 1 1.0 0.0] [0 1 1.0 0.0] [0 1 1.0 0.0] [0 1 1.0 0.0] [0 1 1.0 0.0] [0 1 1.0 0.0] [0 1 1.0 0.0] [0 1 1.0 0.0] [0 1 1.0 0.0] [0 1 1.0 0.0] [0 1 1.0 0.0] [0 1 1.0 0.0] [0 1 1.0 0.0] [0 1 1.0 0.0] [0 1 1.0 0.0] [0 1 1.0 0.0] [0 1 1.0 0.0] [0 1 1.0 0.0] [0 1 1.0 0.0] [0 1 1.0 0.0] [0 1 1.0 0.0] [0 1 1.0 0.0] [0 1 1.0 0.0] [0 1 1.0 0.0] [0 1 1.0 0.0] [0 1 1.0 0.0] [0 1 1.0 0.0] [0 1 1.0 0.0] [0 1 1.0 0.0] [0 1 1.0 0.0] [0 1 1.0 0.0] [0 1 1.0 0.0] [0 1 1.0 0.0] [0 1 1.0 0.0] [0 1 1.0 0.0] [0 1 1.0 0.0] [0 1 1.0 0.0] [0 1 1.0 0.0] [0 1 1.0 0.0] [0 1 1.0 0.0] [0 1 1.0 0.0] [0 1 1.0 0.0] [0 1 1.0 0.0] [0 1 1.0 0.0] [0 1 1.0 0.0] [0 1 1.0 0.0] [0 1 1.0 0.0] [0 1 1.0 0.0] [0 1 1.0 0.0] [0 1 1.0 0.0] [0 1 1.0 0.0] [0 1 1.0 0.0] [0 1 1.0 0.0] [0 1 1.0 0.0] [0 1 1.0 0.0] [0 1 1.0 0.0] [0 1 1.0 0.0] [0 1 1.0 0.0] [0 1 1.0 0.0] [0 1 1.0 0.0] [0 1 1.0 0.0] [0 1 1.0 0.0] [0 1 1.0 0.0] [0 1 1.0 0.0] [0 1 1.0 0.0] [0 1 1.0 0.0] [0 1 1.0 0.0]
[0 1 1.0 0.0] [0 1 1.0 0.0] [0 1 1.0 0.0] [0 1 1.0 0.0] [0 1 1.0 0.0] [0 1 1.0 0.0] [0 1 1.0 0.0] [0 1 1.0 0.0] [0 1 1.0 0.0] [0 1 1.0 0.0] [0 1 1.0 0.0] [0 1 1.0 0.0] [0 1 1.0 0.0] [0 1 1.0 0.0] [0 1 1.0 0.0] [0 1 1.0 0.0] [0 1 1.0 0.0] [0 1 1.0 0.0] [0 1 1.0 0.0] [0 1 1.0 0.0] [0 1 1.0 0.0] [0 1 1.0 0.0] [0 1 1.0 0.0] [0 1 1.0 0.0] [0 1 1.0 0.0] [0 1 1.0 0.0] [0 1 1.0 0.0] [0 1 1.0 0.0] [0 1 1.0 0.0] [0 1 1.0 0.0] [0 1 1.0 0.0] [0 1 1.0 0.0] [0 1 1.0 0.0] [0 1 1.0 0.0] [0 1 1.0 0.0] [0 1 1.0 0.0] [0 1 1.0 0.0] [0 1 1.0 0.0] [0 1 1.0 0.0] [0 1 1.0 0.0] [0 1 1.0 0.0] [0 1 1.0 0.0] [0 1 1.0 0.0] [0 1 1.0 0.0] [0 1 1.0 0.0] [0 1 1.0 0.0] [0 1 1.0 0.0] [0 1 1.0 0.0] [0 1 1.0 0.0] [0 1 1.0 0.0] [0 1 1.0 0.0] [0 1 1.0 0.0] [0 1 1.0 0.0] [0 1 1.0 0.0] [0 1 1.0 0.0] [0 1 1.0 0.0] [0 1 1.0 0.0] [0 1 1.0 0.0] [0 1 1.0 0.0] [0 1 1.0 0.0] [0 1 1.0 0.0] [0 1 1.0 0.0] [0 1 1.0 0.0] [0 1 1.0 0.0] [0 1 1.0 0.0] [0 1 1.0 0.0] [0 1 1.0 0.0] [0 1 1.0 0.0] [0 1 1.0 0.0] [0 1 1.0 0.0] [0 1 1.0 0.0] [0 1 1.0 0.0] [0 1 1.0 0.0] [0 1 1.0 0.0] [0 1 1.0 0.0] [0 1 1.0 0.0] [0 1 1.0 0.0] [0 1 1.0 0.0] [0 1 1.0 0.0] [0 1 1.0 0.0] [0 1 1.0 0.0] [0 1 1.0 0.0] [0 1 1.0 0.0] [0 1 1.0 0.0] [0 1 1.0 0.0] [0 1 1.0 0.0] [0 1 1.0 0.0] [0 1 1.0 0.0] [0 1 1.0 0.0] [0 1 1.0 0.0] [0 1 1.0 0.0] [0 1 1.0 0.0] [0 1 1.0 0.0] [0 1 1.0 0.0] [0 1 1.0 0.0] [0 1 1.0 0.0] [0 1 1.0 0.0] [0 1 1.0 0.0] [0 1 1.0 0.0] [0 1 1.0 0.0] [0 1 1.0 0.0] [0 1 1.0 0.0] [0 1 1.0 0.0] [0 1 1.0 0.0] [0 1 1.0 0.0] [0 1 1.0 0.0] [0 1 1.0 0.0] [0 1 1.0 0.0] [0 1 1.0 0.0] [0 1 1.0 0.0] [0 1 1.0 0.0] [0 1 1.0 0.0] [0 1 1.0 0.0] [0 1 1.0 0.0] [0 1 1.0 0.0] [0 1 1.0 0.0] [0 1 1.0 0.0] [0 1 1.0 0.0] [0 1 1.0 0.0] [0 1 1.0 0.0] [0 1 1.0 0.0] [0 1 1.0 0.0] [0 1 1.0 0.0] [0 1 1.0 0.0] [0 1 1.0 0.0] [0 1 1.0 0.0] [0 1 1.0 0.0] [0 1 1.0 0.0] [0 1 1.0 0.0] [0 1 1.0 0.0] [0 1 1.0 0.0] [0 1 1.0 0.0] [0 1 1.0 0.0] [0 1 1.0 0.0] [0 1 1.0 0.0] [0 1 1.0 0.0] [0 1 1.0 0.0] [0 1 1.0 0.0] [0 1 1.0 0.0] [0 1 1.0 0.0] [0 1 1.0 0.0] [0 1 1.0 0.0] [0 1 1.0 0.0] [0 1 1.0 0.0] [0 1 1.0 0.0] [0 1 1.0 0.0] [0 1 1.0 0.0] [0 1 1.0 0.0] [0 1 1.0 0.0] [0 1 1.0 0.0] [0 1 1.0 0.0] [0 1 1.0 0.0] [0 1 1.0 0.0] [0 1 1.0 0.0] [0 1 1.0 0.0] [0 1 1.0 0.0] [0 1 1.0 0.0] [0 1 1.0 0.0] [0 1 1.0 0.0] [0 1 1.0 0.0]
[0 1 1.0 0.0] [0 1 1.0 0.0] [0 1 1.0 0.0] [0 1 1.0 0.0] [0 1 1.0 0.0] [0 1 1.0 0.0] [0 1 1.0 0.0] [0 1 1.0 0.0] [0 1 1.0 0.0] [0 1 1.0 0.0] [0 1 1.0 0.0] [0 1 1.0 0.0] [0 1 1.0 0.0] [0 1 1.0 0.0] [0 1 1.0 0.0] [0 1 1.0 0.0] [0 1 1.0 0.0] [0 1 1.0 0.0] [0 1 1.0 0.0] [0 1 1.0 0.0] [0 1 1.0 0.0] [0 1 1.0 0.0] [0 1 1.0 0.0] [0 1 1.0 0.0] [0 1 1.0 0.0] [0 1 1.0 0.0] [0 1 1.0 0.0] [0 1 1.0 0.0] [0 1 1.0 0.0] [0 1 1.0 0.0] [0 1 1.0 0.0] [0 1 1.0 0.0] [0 1 1.0 0.0] [0 1 1.0 0.0] [0 1 1.0 0.0] [0 1 1.0 0.0] [0 1 1.0 0.0] [0 1 1.0 0.0] [0 1 1.0 0.0] [0 1 1.0 0.0] [0 1 1.0 0.0] [0 1 1.0 0.0] [0 1 1.0 0.0] [0 1 1.0 0.0] [0 1 1.0 0.0] [0 1 1.0 0.0] [0 1 1.0 0.0] [0 1 1.0 0.0] [0 1 1.0 0.0] [0 1 1.0 0.0] [0 1 1.0 0.0] [0 1 1.0 0.0] [0 1 1.0 0.0] [0 1 1.0 0.0] [0 1 1.0 0.0] [0 1 1.0 0.0] [0 1 1.0 0.0] [0 1 1.0 0.0] [0 1 1.0 0.0] [0 1 1.0 0.0] [0 1 1.0 0.0] [0 1 1.0 0.0] [0 1 1.0 0.0] [0 1 1.0 0.0] [0 1 1.0 0.0] [0 1 1.0 0.0] [0 1 1.0 0.0] [0 1 1.0 0.0] [0 1 1.0 0.0] [0 1 1.0 0.0] [0 1 1.0 0.0] [0 1 1.0 0.0] [0 1 1.0 0.0] [0 1 1.0 0.0] [0 1 1.0 0.0] [0 1 1.0 0.0] [0 1 1.0 0.0] [0 1 1.0 0.0] [0 1 1.0 0.0] [0 1 1.0 0.0] [0 1 1.0 0.0] [0 1 1.0 0.0] [0 1 1.0 0.0] [0 1 1.0 0.0] [0 1 1.0 0.0] [0 1 1.0 0.0] [0 1 1.0 0.0] [0 1 1.0 0.0] [0 1 1.0 0.0] [0 1 1.0 0.0] [0 1 1.0 0.0] [0 1 1.0 0.0] [0 1 1.0 0.0] [0 1 1.0 0.0] [0 1 1.0 0.0] [0 1 1.0 0.0] [0 1 1.0 0.0] [0 1 1.0 0.0] [0 1 1.0 0.0] [0 1 1.0 0.0] [0 1 1.0 0.0] [0 1 1.0 0.0] [0 1 1.0 0.0] [0 1 1.0 0.0] [0 1 1.0 0.0] [0 1 1.0 0.0] [0 1 1.0 0.0] [0 1 1.0 0.0] [0 1 1.0 0.0] [0 1 1.0 0.0] [0 1 1.0 0.0] [0 1 1.0 0.0] [0 1 1.0 0.0] [0 1 1.0 0.0] [0 1 1.0 0.0] [0 1 1.0 0.0] [0 1 1.0 0.0] [0 1 1.0 0.0] [0 1 1.0 0.0] [0 1 1.0 0.0] [0 1 1.0 0.0] [0 1 1.0 0.0] [0 1 1.0 0.0] [0 1 1.0 0.0] [0 1 1.0 0.0] [0 1 1.0 0.0] [0 1 1.0 0.0] [0 1 1.0 0.0] [0 1 1.0 0.0] [0 1 1.0 0.0] [0 1 1.0 0.0] [0 1 1.0 0.0] [0 1 1.0 0.0] [0 1 1.0 0.0] [0 1 1.0 0.0] [0 1 1.0 0.0] [0 1 1.0 0.0] [0 1 1.0 0.0] [0 1 1.0 0.0] [0 1 1.0 0.0] [0 1 1.0 0.0] [0 1 1.0 0.0] [0 1 1.0 0.0] [0 1 1.0 0.0] [0 1 1.0 0.0] [0 1 1.0 0.0] [0 1 1.0 0.0] [0 1 1.0 0.0] [0 1 1.0 0.0] [0 1 1.0 0.0] [0 1 1.0 0.0] [0 1 1.0 0.0] [0 1 1.0 0.0] [0 1 1.0 0.0] [0 1 1.0 0.0] [0 1 1.0 0.0] [0 1 1.0 0.0] [0 1 1.0 0.0] [0 1 1.0 0.0] [0 1 1.0 0.0]
[0 1 1.0 0.0] [0 1 1.0 0.0] [0 1 1.0 0.0] [0 1 1.0 0.0] [0 1 1.0 0.0] [0 1 1.0 0.0] [0 1 1.0 0.0] [0 1 1.0 0.0] [0 1 1.0 0.0] [0 1 1.0 0.0] [0 1 1.0 0.0] [0 1 1.0 0.0] [0 1 1.0 0.0] [0 1 1.0 0.0] [0 1 1.0 0.0] [0 1 1.0 0.0] [0 1 1.0 0.0] [0 1 1.0 0.0] [0 1 1.0 0.0] [0 1 1.0 0.0] [0 1 1.0 0.0] [0 1 1.0 0.0] [0 1 1.0 0.0] [0 1 1.0 0.0] [0 1 1.0 0.0] [0 1 1.0 0.0] [0 1 1.0 0.0] [0 1 1.0 0.0] [0 1 1.0 0.0] [0 1 1.0 0.0] [0 1 1.0 0.0] [0 1 1.0 0.0] [0 1 1.0 0.0] [0 1 1.0 0.0] [0 1 1.0 0.0] [0 1 1.0 0.0] [0 1 1.0 0.0] [0 1 1.0 0.0] [0 1 1.0 0.0] [0 1 1.0 0.0] [0 1 1.0 0.0] [0 1 1.0 0.0] [0 1 1.0 0.0] [0 1 1.0 0.0] [0 1 1.0 0.0] [0 1 1.0 0.0] [0 1 1.0 0.0] [0 1 1.0 0.0] [0 1 1.0 0.0] [0 1 1.0 0.0] [0 1 1.0 0.0] [0 1 1.0 0.0] [0 1 1.0 0.0] [0 1 1.0 0.0] [0 1 1.0 0.0] [0 1 1.0 0.0] [0 1 1.0 0.0] [0 1 1.0 0.0] [0 1 1.0 0.0] [0 1 1.0 0.0] [0 1 1.0 0.0] [0 1 1.0 0.0] [0 1 1.0 0.0] [0 1 1.0 0.0] [0 1 1.0 0.0] [0 1 1.0 0.0] [0 1 1.0 0.0] [0 1 1.0 0.0] [0 1 1.0 0.0] [0 1 1.0 0.0] [0 1 1.0 0.0] [0 1 1.0 0.0] [0 1 1.0 0.0] [0 1 1.0 0.0] [0 1 1.0 0.0] [0 1 1.0 0.0] [0 1 1.0 0.0] [0 1 1.0 0.0] [0 1 1.0 0.0] [0 1 1.0 0.0] [0 1 1.0 0.0] [0 1 1.0 0.0] [0 1 1.0 0.0] [0 1 1.0 0.0] [0 1 1.0 0.0] [0 1 1.0 0.0] [0 1 1.0 0.0] [0 1 1.0 0.0] [0 1 1.0 0.0] [0 1 1.0 0.0] [0 1 1.0 0.0] [0 1 1.0 0.0] [0 1 1.0 0.0] [0 1 1.0 0.0] [0 1 1.0 0.0] [0 1 1.0 0.0] [0 1 1.0 0.0] [0 1 1.0 0.0] [0 1 1.0 0.0] [0 1 1.0 0.0] [0 1 1.0 0.0] [0 1 1.0 0.0] [0 1 1.0 0.0] [0 1 1.0 0.0] [0 1 1.0 0.0] [0 1 1.0 0.0] [0 1 1.0 0.0] [0 1 1.0 0.0] [0 1 1.0 0.0] [0 1 1.0 0.0] [0 1 1.0 0.0] [0 1 1.0 0.0] [0 1 1.0 0.0] [0 1 1.0 0.0] [0 1 1.0 0.0] [0 1 1.0 0.0] [0 1 1.0 0.0] [0 1 1.0 0.0] [0 1 1.0 0.0] [0 1 1.0 0.0] [0 1 1.0 0.0] [0 1 1.0 0.0] [0 1 1.0 0.0] [0 1 1.0 0.0] [0 1 1.0 0.0] [0 1 1.0 0.0] [0 1 1.0 0.0] [0 1 1.0 0.0] [0 1 1.0 0.0] [0 1 1.0 0.0] [0 1 1.0 0.0] [0 1 1.0 0.0] [0 1 1.0 0.0] [0 1 1.0 0.0] [0 1 1.0 0.0] [0 1 1.0 0.0] [0 1 1.0 0.0] [0 1 1.0 0.0] [0 1 1.0 0.0] [0 1 1.0 0.0] [0 1 1.0 0.0] [0 1 1.0 0.0] [0 1 1.0 0.0] [0 1 1.0 0.0] [0 1 1.0 0.0] [0 1 1.0 0.0] [0 1 1.0 0.0] [0 1 1.0 0.0] [0 1 1.0 0.0] [0 1 1.0 0.0] [0 1 1.0 0.0] [0 1 1.0 0.0] [0 1 1.0 0.0] [0 1 1.0 0.0] [0 1 1.0 0.0] [0 1 1.0 0.0] [0 1 1.0 0.0] [0 1 1.0 0.0] [0 1 1.0 0.0] [0 1 1.0 0.0]
[0 1 1.0 0.0] [0 1 1.0 0.0] [0 1 1.0 0.0] [0 1 1.0 0.0] [0 1 1.0 0.0] [0 1 1.0 0.0] [0 1 1.0 0.0] [0 1 1.0 0.0] [0 1 1.0 0.0] [0 1 1.0 0.0] [0 1 1.0 0.0] [0 1 1.0 0.0] [0 1 1.0 0.0] [0 1 1.0 0.0] [0 1 1.0 0.0] [0 1 1.0 0.0] [0 1 1.0 0.0] [0 1 1.0 0.0] [0 1 1.0 0.0] [0 1 1.0 0.0] [0 1 1.0 0.0] [0 1 1.0 0.0] [0 1 1.0 0.0] [0 1 1.0 0.0] [0 1 1.0 0.0] [0 1 1.0 0.0] [0 1 1.0 0.0] [0 1 1.0 0.0] [0 1 1.0 0.0] [0 1 1.0 0.0] [0 1 1.0 0.0] [0 1 1.0 0.0] [0 1 1.0 0.0] [0 1 1.0 0.0] [0 1 1.0 0.0] [0 1 1.0 0.0] [0 1 1.0 0.0] [0 1 1.0 0.0] [0 1 1.0 0.0] [0 1 1.0 0.0] [0 1 1.0 0.0] [0 1 1.0 0.0] [0 1 1.0 0.0] [0 1 1.0 0.0] [0 1 1.0 0.0] [0 1 1.0 0.0] [0 1 1.0 0.0] [0 1 1.0 0.0] [0 1 1.0 0.0] [0 1 1.0 0.0] [0 1 1.0 0.0] [0 1 1.0 0.0] [0 1 1.0 0.0] [0 1 1.0 0.0] [0 1 1.0 0.0] [0 1 1.0 0.0] [0 1 1.0 0.0] [0 1 1.0 0.0] [0 1 1.0 0.0] [0 1 1.0 0.0] [0 1 1.0 0.0] [0 1 1.0 0.0] [0 1 1.0 0.0] [0 1 1.0 0.0] [0 1 1.0 0.0] [0 1 1.0 0.0] [0 1 1.0 0.0] [0 1 1.0 0.0] [0 1 1.0 0.0] [0 1 1.0 0.0] [0 1 1.0 0.0] [0 1 1.0 0.0] [0 1 1.0 0.0] [0 1 1.0 0.0] [0 1 1.0 0.0] [0 1 1.0 0.0] [0 1 1.0 0.0] [0 1 1.0 0.0] [0 1 1.0 0.0] [0 1 1.0 0.0] [0 1 1.0 0.0] [0 1 1.0 0.0] [0 1 1.0 0.0] [0 1 1.0 0.0] [0 1 1.0 0.0] [0 1 1.0 0.0] [0 1 1.0 0.0] [0 1 1.0 0.0] [0 1 1.0 0.0] [0 1 1.0 0.0] [0 1 1.0 0.0] [0 1 1.0 0.0] [0 1 1.0 0.0] [0 1 1.0 0.0] [0 1 1.0 0.0] [0 1 1.0 0.0] [0 1 1.0 0.0] [0 1 1.0 0.0] [0 1 1.0 0.0] [0 1 1.0 0.0] [0 1 1.0 0.0] [0 1 1.0 0.0] [0 1 1.0 0.0] [0 1 1.0 0.0] [0 1 1.0 0.0] [0 1 1.0 0.0] [0 1 1.0 0.0] [0 1 1.0 0.0] [0 1 1.0 0.0] [0 1 1.0 0.0] [0 1 1.0 0.0] [0 1 1.0 0.0] [0 1 1.0 0.0] [0 1 1.0 0.0] [0 1 1.0 0.0] [0 1 1.0 0.0] [0 1 1.0 0.0] [0 1 1.0 0.0] [0 1 1.0 0.0] [0 1 1.0 0.0] [0 1 1.0 0.0] [0 1 1.0 0.0] [0 1 1.0 0.0] [0 1 1.0 0.0] [0 1 1.0 0.0] [0 1 1.0 0.0] [0 1 1.0 0.0] [0 1 1.0 0.0] [0 1 1.0 0.0] [0 1 1.0 0.0] [0 1 1.0 0.0] [0 1 1.0 0.0] [0 1 1.0 0.0] [0 1 1.0 0.0] [0 1 1.0 0.0] [0 1 1.0 0.0] [0 1 1.0 0.0] [0 1 1.0 0.0] [0 1 1.0 0.0] [0 1 1.0 0.0] [0 1 1.0 0.0] [0 1 1.0 0.0] [0 1 1.0 0.0] [0 1 1.0 0.0] [0 1 1.0 0.0] [0 1 1.0 0.0] [0 1 1.0 0.0] [0 1 1.0 0.0] [0 1 1.0 0.0] [0 1 1.0 0.0] [0 1 1.0 0.0] [0 1 1.0 0.0] [0 1 1.0 0.0] [0 1 1.0 0.0] [0 1 1.0 0.0] [0 1 1.0 0.0] [0 1 1.0 0.0] [0 1 1.0 0.0] [0 1 1.0 0.0] [0 1 1.0 0.0]
[0 1 1.0 0.0] [0 1 1.0 0.0] [0 1 1.0 0.0] [0 1 1.0 0.0] [0 1 1.0 0.0] [0 1 1.0 0.0] [0 1 1.0 0.0] [0 1 1.0 0.0] [0 1 1.0 0.0] [0 1 1.0 0.0] [0 1 1.0 0.0] [0 1 1.0 0.0] [0 1 1.0 0.0] [0 1 1.0 0.0] [0 1 1.0 0.0] [0 1 1.0 0.0] [0 1 1.0 0.0] [0 1 1.0 0.0] [0 1 1.0 0.0] [0 1 1.0 0.0] [0 1 1.0 0.0] [0 1 1.0 0.0] [0 1 1.0 0.0] [0 1 1.0 0.0] [0 1 1.0 0.0] [0 1 1.0 0.0] [0 1 1.0 0.0] [0 1 1.0 0.0] [0 1 1.0 0.0] [0 1 1.0 0.0] [0 1 1.0 0.0] [0 1 1.0 0.0] [0 1 1.0 0.0] [0 1 1.0 0.0] [0 1 1.0 0.0] [0 1 1.0 0.0] [0 1 1.0 0.0] [0 1 1.0 0.0] [0 1 1.0 0.0] [0 1 1.0 0.0] [0 1 1.0 0.0] [0 1 1.0 0.0] [0 1 1.0 0.0] [0 1 1.0 0.0] [0 1 1.0 0.0] [0 1 1.0 0.0] [0 1 1.0 0.0] [0 1 1.0 0.0] [0 1 1.0 0.0] [0 1 1.0 0.0] [0 1 1.0 0.0] [0 1 1.0 0.0] [0 1 1.0 0.0] [0 1 1.0 0.0] [0 1 1.0 0.0] [0 1 1.0 0.0] [0 1 1.0 0.0] [0 1 1.0 0.0] [0 1 1.0 0.0] [0 1 1.0 0.0] [0 1 1.0 0.0] [0 1 1.0 0.0] [0 1 1.0 0.0] [0 1 1.0 0.0] [0 1 1.0 0.0] [0 1 1.0 0.0] [0 1 1.0 0.0] [0 1 1.0 0.0] [0 1 1.0 0.0] [0 1 1.0 0.0] [0 1 1.0 0.0] [0 1 1.0 0.0] [0 1 1.0 0.0] [0 1 1.0 0.0] [0 1 1.0 0.0] [0 1 1.0 0.0] [0 1 1.0 0.0] [0 1 1.0 0.0] [0 1 1.0 0.0] [0 1 1.0 0.0] [0 1 1.0 0.0] [0 1 1.0 0.0] [0 1 1.0 0.0] [0 1 1.0 0.0] [0 1 1.0 0.0] [0 1 1.0 0.0] [0 1 1.0 0.0] [0 1 1.0 0.0] [0 1 1.0 0.0] [0 1 1.0 0.0] [0 1 1.0 0.0] [0 1 1.0 0.0] [0 1 1.0 0.0] [0 1 1.0 0.0] [0 1 1.0 0.0] [0 1 1.0 0.0] [0 1 1.0 0.0] [0 1 1.0 0.0] [0 1 1.0 0.0] [0 1 1.0 0.0] [0 1 1.0 0.0] [0 1 1.0 0.0] [0 1 1.0 0.0] [0 1 1.0 0.0] [0 1 1.0 0.0] [0 1 1.0 0.0] [0 1 1.0 0.0] [0 1 1.0 0.0] [0 1 1.0 0.0] [0 1 1.0 0.0] [0 1 1.0 0.0] [0 1 1.0 0.0] [0 1 1.0 0.0] [0 1 1.0 0.0] [0 1 1.0 0.0] [0 1 1.0 0.0] [0 1 1.0 0.0] [0 1 1.0 0.0] [0 1 1.0 0.0] [0 1 1.0 0.0] [0 1 1.0 0.0] [0 1 1.0 0.0] [0 1 1.0 0.0] [0 1 1.0 0.0] [0 1 1.0 0.0] [0 1 1.0 0.0] [0 1 1.0 0.0] [0 1 1.0 0.0] [0 1 1.0 0.0] [0 1 1.0 0.0] [0 1 1.0 0.0] [0 1 1.0 0.0] [0 1 1.0 0.0] [0 1 1.0 0.0] [0 1 1.0 0.0] [0 1 1.0 0.0] [0 1 1.0 0.0] [0 1 1.0 0.0] [0 1 1.0 0.0] [0 1 1.0 0.0] [0 1 1.0 0.0] [0 1 1.0 0.0] [0 1 1.0 0.0] [0 1 1.0 0.0] [0 1 1.0 0.0] [0 1 1.0 0.0] [0 1 1.0 0.0] [0 1 1.0 0.0] [0 1 1.0 0.0] [0 1 1.0 0.0] [0 1 1.0 0.0] [0 1 1.0 0.0] [0 1 1.0 0.0] [0 1 1.0 0.0] [0 1 1.0 0.0] [0 1 1.0 0.0] [0 1 1.0 0.0] [0 1 1.0 0.0] [0 1 1.0 0.0] [0 1 1.0 0.0]
[0 1 1.0 0.0] [0 1 1.0 0.0] [0 1 1.0 0.0] [0 1 1.0 0.0] [0 1 1.0 0.0] [0 1 1.0 0.0] [0 1 1.0 0.0] [0 1 1.0 0.0] [0 1 1.0 0.0] [0 1 1.0 0.0] [0 1 1.0 0.0] [0 1 1.0 0.0] [0 1 1.0 0.0] [0 1 1.0 0.0] [0 1 1.0 0.0] [0 1 1.0 0.0] [0 1 1.0 0.0] [0 1 1.0 0.0] [0 1 1.0 0.0] [0 1 1.0 0.0] [0 1 1.0 0.0] [0 1 1.0 0.0] [0 1 1.0 0.0] [0 1 1.0 0.0] [0 1 1.0 0.0] [0 1 1.0 0.0] [0 1 1.0 0.0] [0 1 1.0 0.0] [0 1 1.0 0.0] [0 1 1.0 0.0] [0 1 1.0 0.0] [0 1 1.0 0.0] [0 1 1.0 0.0] [0 1 1.0 0.0] [0 1 1.0 0.0] [0 1 1.0 0.0] [0 1 1.0 0.0] [0 1 1.0 0.0] [0 1 1.0 0.0] [0 1 1.0 0.0] [0 1 1.0 0.0] [0 1 1.0 0.0] [0 1 1.0 0.0] [0 1 1.0 0.0] [0 1 1.0 0.0] [0 1 1.0 0.0] [0 1 1.0 0.0] [0 1 1.0 0.0] [0 1 1.0 0.0] [0 1 1.0 0.0] [0 1 1.0 0.0] [0 1 1.0 0.0] [0 1 1.0 0.0] [0 1 1.0 0.0] [0 1 1.0 0.0] [0 1 1.0 0.0] [0 1 1.0 0.0] [0 1 1.0 0.0] [0 1 1.0 0.0] [0 1 1.0 0.0] [0 1 1.0 0.0] [0 1 1.0 0.0] [0 1 1.0 0.0] [0 1 1.0 0.0] [0 1 1.0 0.0] [0 1 1.0 0.0] [0 1 1.0 0.0] [0 1 1.0 0.0] [0 1 1.0 0.0] [0 1 1.0 0.0] [0 1 1.0 0.0] [0 1 1.0 0.0] [0 1 1.0 0.0] [0 1 1.0 0.0] [0 1 1.0 0.0] [0 1 1.0 0.0] [0 1 1.0 0.0] [0 1 1.0 0.0] [0 1 1.0 0.0] [0 1 1.0 0.0] [0 1 1.0 0.0] [0 1 1.0 0.0] [0 1 1.0 0.0] [0 1 1.0 0.0] [0 1 1.0 0.0] [0 1 1.0 0.0] [0 1 1.0 0.0] [0 1 1.0 0.0] [0 1 1.0 0.0] [0 1 1.0 0.0] [0 1 1.0 0.0] [0 1 1.0 0.0] [0 1 1.0 0.0] [0 1 1.0 0.0] [0 1 1.0 0.0] [0 1 1.0 0.0] [0 1 1.0 0.0] [0 1 1.0 0.0] [0 1 1.0 0.0] [0 1 1.0 0.0] [0 1 1.0 0.0] [0 1 1.0 0.0] [0 1 1.0 0.0] [0 1 1.0 0.0] [0 1 1.0 0.0] [0 1 1.0 0.0] [0 1 1.0 0.0] [0 1 1.0 0.0] [0 1 1.0 0.0] [0 1 1.0 0.0] [0 1 1.0 0.0] [0 1 1.0 0.0] [0 1 1.0 0.0] [0 1 1.0 0.0] [0 1 1.0 0.0] [0 1 1.0 0.0] [0 1 1.0 0.0] [0 1 1.0 0.0] [0 1 1.0 0.0] [0 1 1.0 0.0] [0 1 1.0 0.0] [0 1 1.0 0.0] [0 1 1.0 0.0] [0 1 1.0 0.0] [0 1 1.0 0.0] [0 1 1.0 0.0] [0 1 1.0 0.0] [0 1 1.0 0.0] [0 1 1.0 0.0] [0 1 1.0 0.0] [0 1 1.0 0.0] [0 1 1.0 0.0] [0 1 1.0 0.0] [0 1 1.0 0.0] [0 1 1.0 0.0] [0 1 1.0 0.0] [0 1 1.0 0.0] [0 1 1.0 0.0] [0 1 1.0 0.0] [0 1 1.0 0.0] [0 1 1.0 0.0] [0 1 1.0 0.0] [0 1 1.0 0.0] [0 1 1.0 0.0] [0 1 1.0 0.0] [0 1 1.0 0.0] [0 1 1.0 0.0] [0 1 1.0 0.0] [0 1 1.0 0.0] [0 1 1.0 0.0] [0 1 1.0 0.0] [0 1 1.0 0.0] [0 1 1.0 0.0] [0 1 1.0 0.0] [0 1 1.0 0.0] [0 1 1.0 0.0] [0 1 1.0 0.0] [0 1 1.0 0.0] [0 1 1.0 0.0] [0 1 1.0 0.0]
[0 1 1.0 0.0] [0 1 1.0 0.0] [0 1 1.0 0.0] [0 1 1.0 0.0] [0 1 1.0 0.0] [0 1 1.0 0.0] [0 1 1.0 0.0] [0 1 1.0 0.0] [0 1 1.0 0.0] [0 1 1.0 0.0] [0 1 1.0 0.0] [0 1 1.0 0.0] [0 1 1.0 0.0] [0 1 1.0 0.0] [0 1 1.0 0.0] [0 1 1.0 0.0] [0 1 1.0 0.0] [0 1 1.0 0.0] [0 1 1.0 0.0] [0 1 1.0 0.0] [0 1 1.0 0.0] [0 1 1.0 0.0] [0 1 1.0 0.0] [0 1 1.0 0.0] [0 1 1.0 0.0] [0 1 1.0 0.0] [0 1 1.0 0.0] [0 1 1.0 0.0] [0 1 1.0 0.0] [0 1 1.0 0.0] [0 1 1.0 0.0] [0 1 1.0 0.0] [0 1 1.0 0.0] [0 1 1.0 0.0] [0 1 1.0 0.0] [0 1 1.0 0.0] [0 1 1.0 0.0] [0 1 1.0 0.0] [0 1 1.0 0.0] [0 1 1.0 0.0] [0 1 1.0 0.0] [0 1 1.0 0.0] [0 1 1.0 0.0] [0 1 1.0 0.0] [0 1 1.0 0.0] [0 1 1.0 0.0] [0 1 1.0 0.0] [0 1 1.0 0.0] [0 1 1.0 0.0] [0 1 1.0 0.0] [0 1 1.0 0.0] [0 1 1.0 0.0] [0 1 1.0 0.0] [0 1 1.0 0.0] [0 1 1.0 0.0] [0 1 1.0 0.0] [0 1 1.0 0.0] [0 1 1.0 0.0] [0 1 1.0 0.0] [0 1 1.0 0.0] [0 1 1.0 0.0] [0 1 1.0 0.0] [0 1 1.0 0.0] [0 1 1.0 0.0] [0 1 1.0 0.0] [0 1 1.0 0.0] [0 1 1.0 0.0] [0 1 1.0 0.0] [0 1 1.0 0.0] [0 1 1.0 0.0] [0 1 1.0 0.0] [0 1 1.0 0.0] [0 1 1.0 0.0] [0 1 1.0 0.0] [0 1 1.0 0.0] [0 1 1.0 0.0] [0 1 1.0 0.0] [0 1 1.0 0.0] [0 1 1.0 0.0] [0 1 1.0 0.0] [0 1 1.0 0.0] [0 1 1.0 0.0] [0 1 1.0 0.0] [0 1 1.0 0.0] [0 1 1.0 0.0] [0 1 1.0 0.0] [0 1 1.0 0.0] [0 1 1.0 0.0] [0 1 1.0 0.0] [0 1 1.0 0.0] [0 1 1.0 0.0] [0 1 1.0 0.0] [0 1 1.0 0.0] [0 1 1.0 0.0] [0 1 1.0 0.0] [0 1 1.0 0.0] [0 1 1.0 0.0] [0 1 1.0 0.0] [0 1 1.0 0.0] [0 1 1.0 0.0] [0 1 1.0 0.0] [0 1 1.0 0.0] [0 1 1.0 0.0] [0 1 1.0 0.0] [0 1 1.0 0.0] [0 1 1.0 0.0] [0 1 1.0 0.0] [0 1 1.0 0.0] [0 1 1.0 0.0] [0 1 1.0 0.0] [0 1 1.0 0.0] [0 1 1.0 0.0] [0 1 1.0 0.0] [0 1 1.0 0.0] [0 1 1.0 0.0] [0 1 1.0 0.0] [0 1 1.0 0.0] [0 1 1.0 0.0] [0 1 1.0 0.0] [0 1 1.0 0.0] [0 1 1.0 0.0] [0 1 1.0 0.0] [0 1 1.0 0.0] [0 1 1.0 0.0] [0 1 1.0 0.0] [0 1 1.0 0.0] [0 1 1.0 0.0] [0 1 1.0 0.0] [0 1 1.0 0.0] [0 1 1.0 0.0] [0 1 1.0 0.0] [0 1 1.0 0.0] [0 1 1.0 0.0] [0 1 1.0 0.0] [0 1 1.0 0.0] [0 1 1.0 0.0] [0 1 1.0 0.0] [0 1 1.0 0.0] [0 1 1.0 0.0] [0 1 1.0 0.0] [0 1 1.0 0.0] [0 1 1.0 0.0] [0 1 1.0 0.0] [0 1 1.0 0.0] [0 1 1.0 0.0] [0 1 1.0 0.0] [0 1 1.0 0.0] [0 1 1.0 0.0] [0 1 1.0 0.0] [0 1 1.0 0.0] [0 1 1.0 0.0] [0 1 1.0 0.0] [0 1 1.0 0.0] [0 1 1.0 0.0] [0 1 1.0 0.0] [0 1 1.0 0.0] [0 1 1.0 0.0] [0 1 1.0 0.0] [0 1 1.0 0.0] [0 1 1.0 0.0]
[0 1 1.0 0.0] [0 1 1.0 0.0] [0 1 1.0 0.0] [0 1 1.0 0.0] [0 1 1.0 0.0] [0 1 1.0 0.0] [0 1 1.0 0.0] [0 1 1.0 0.0] [0 1 1.0 0.0] [0 1 1.0 0.0] [0 1 1.0 0.0] [0 1 1.0 0.0] [0 1 1.0 0.0] [0 1 1.0 0.0] [0 1 1.0 0.0] [0 1 1.0 0.0] [0 1 1.0 0.0] [0 1 1.0 0.0] [0 1 1.0 0.0] [0 1 1.0 0.0] [0 1 1.0 0.0] [0 1 1.0 0.0] [0 1 1.0 0.0] [0 1 1.0 0.0] [0 1 1.0 0.0] [0 1 1.0 0.0] [0 1 1.0 0.0] [0 1 1.0 0.0] [0 1 1.0 0.0] [0 1 1.0 0.0] [0 1 1.0 0.0] [0 1 1.0 0.0] [0 1 1.0 0.0] [0 1 1.0 0.0] [0 1 1.0 0.0] [0 1 1.0 0.0] [0 1 1.0 0.0] [0 1 1.0 0.0] [0 1 1.0 0.0] [0 1 1.0 0.0] [0 1 1.0 0.0] [0 1 1.0 0.0] [0 1 1.0 0.0] [0 1 1.0 0.0] [0 1 1.0 0.0] [0 1 1.0 0.0] [0 1 1.0 0.0] [0 1 1.0 0.0] [0 1 1.0 0.0] [0 1 1.0 0.0] [0 1 1.0 0.0] [0 1 1.0 0.0] [0 1 1.0 0.0] [0 1 1.0 0.0] [0 1 1.0 0.0] [0 1 1.0 0.0] [0 1 1.0 0.0] [0 1 1.0 0.0] [0 1 1.0 0.0] [0 1 1.0 0.0] [0 1 1.0 0.0] [0 1 1.0 0.0] [0 1 1.0 0.0] [0 1 1.0 0.0] [0 1 1.0 0.0] [0 1 1.0 0.0] [0 1 1.0 0.0] [0 1 1.0 0.0] [0 1 1.0 0.0] [0 1 1.0 0.0] [0 1 1.0 0.0] [0 1 1.0 0.0] [0 1 1.0 0.0] [0 1 1.0 0.0] [0 1 1.0 0.0] [0 1 1.0 0.0] [0 1 1.0 0.0] [0 1 1.0 0.0] [0 1 1.0 0.0] [0 1 1.0 0.0] [0 1 1.0 0.0] [0 1 1.0 0.0] [0 1 1.0 0.0] [0 1 1.0 0.0] [0 1 1.0 0.0] [0 1 1.0 0.0] [0 1 1.0 0.0] [0 1 1.0 0.0] [0 1 1.0 0.0] [0 1 1.0 0.0] [0 1 1.0 0.0] [0 1 1.0 0.0] [0 1 1.0 0.0] [0 1 1.0 0.0] [0 1 1.0 0.0] [0 1 1.0 0.0] [0 1 1.0 0.0] [0 1 1.0 0.0] [0 1 1.0 0.0] [0 1 1.0 0.0] [0 1 1.0 0.0] [0 1 1.0 0.0] [0 1 1.0 0.0] [0 1 1.0 0.0] [0 1 1.0 0.0] [0 1 1.0 0.0] [0 1 1.0 0.0] [0 1 1.0 0.0] [0 1 1.0 0.0] [0 1 1.0 0.0] [0 1 1.0 0.0] [0 1 1.0 0.0] [0 1 1.0 0.0] [0 1 1.0 0.0] [0 1 1.0 0.0] [0 1 1.0 0.0] [0 1 1.0 0.0] [0 1 1.0 0.0] [0 1 1.0 0.0] [0 1 1.0 0.0] [0 1 1.0 0.0] [0 1 1.0 0.0] [0 1 1.0 0.0] [0 1 1.0 0.0] [0 1 1.0 0.0] [0 1 1.0 0.0] [0 1 1.0 0.0] [0 1 1.0 0.0] [0 1 1.0 0.0] [0 1 1.0 0.0] [0 1 1.0 0.0] [0 1 1.0 0.0] [0 1 1.0 0.0] [0 1 1.0 0.0] [0 1 1.0 0.0] [0 1 1.0 0.0] [0 1 1.0 0.0] [0 1 1.0 0.0] [0 1 1.0 0.0] [0 1 1.0 0.0] [0 1 1.0 0.0] [0 1 1.0 0.0] [0 1 1.0 0.0] [0 1 1.0 0.0] [0 1 1.0 0.0] [0 1 1.0 0.0] [0 1 1.0 0.0] [0 1 1.0 0.0] [0 1 1.0 0.0] [0 1 1.0 0.0] [0 1 1.0 0.0] [0 1 1.0 0.0] [0 1 1.0 0.0] [0 1 1.0 0.0] [0 1 1.0 0.0] [0 1 1.0 0.0] [0 1 1.0 0.0] [0 1 1.0 0.0] [0 1 1.0 0.0] [0 1 1.0 0.0]
[0 1 1.0 0.0] [0 1 1.0 0.0] [0 1 1.0 0.0] [0 1 1.0 0.0] [0 1 1.0 0.0] [0 1 1.0 0.0] [0 1 1.0 0.0] [0 1 1.0 0.0] [0 1 1.0 0.0] [0 1 1.0 0.0] [0 1 1.0 0.0] [0 1 1.0 0.0] [0 1 1.0 0.0] [0 1 1.0 0.0] [0 1 1.0 0.0] [0 1 1.0 0.0] [0 1 1.0 0.0] [0 1 1.0 0.0] [0 1 1.0 0.0] [0 1 1.0 0.0] [0 1 1.0 0.0] [0 1 1.0 0.0] [0 1 1.0 0.0] [0 1 1.0 0.0] [0 1 1.0 0.0] [0 1 1.0 0.0] [0 1 1.0 0.0] [0 1 1.0 0.0] [0 1 1.0 0.0] [0 1 1.0 0.0] [0 1 1.0 0.0] [0 1 1.0 0.0] [0 1 1.0 0.0] [0 1 1.0 0.0] [0 1 1.0 0.0] [0 1 1.0 0.0] [0 1 1.0 0.0] [0 1 1.0 0.0] [0 1 1.0 0.0] [0 1 1.0 0.0] [0 1 1.0 0.0] [0 1 1.0 0.0] [0 1 1.0 0.0] [0 1 1.0 0.0] [0 1 1.0 0.0] [0 1 1.0 0.0] [0 1 1.0 0.0] [0 1 1.0 0.0] [0 1 1.0 0.0] [0 1 1.0 0.0] [0 1 1.0 0.0] [0 1 1.0 0.0] [0 1 1.0 0.0] [0 1 1.0 0.0] [0 1 1.0 0.0] [0 1 1.0 0.0] [0 1 1.0 0.0] [0 1 1.0 0.0] [0 1 1.0 0.0] [0 1 1.0 0.0] [0 1 1.0 0.0] [0 1 1.0 0.0] [0 1 1.0 0.0] [0 1 1.0 0.0] [0 1 1.0 0.0] [0 1 1.0 0.0] [0 1 1.0 0.0] [0 1 1.0 0.0] [0 1 1.0 0.0] [0 1 1.0 0.0] [0 1 1.0 0.0] [0 1 1.0 0.0] [0 1 1.0 0.0] [0 1 1.0 0.0] [0 1 1.0 0.0] [0 1 1.0 0.0] [0 1 1.0 0.0] [0 1 1.0 0.0] [0 1 1.0 0.0] [0 1 1.0 0.0] [0 1 1.0 0.0] [0 1 1.0 0.0] [0 1 1.0 0.0] [0 1 1.0 0.0] [0 1 1.0 0.0] [0 1 1.0 0.0] [0 1 1.0 0.0] [0 1 1.0 0.0] [0 1 1.0 0.0] [0 1 1.0 0.0] [0 1 1.0 0.0] [0 1 1.0 0.0] [0 1 1.0 0.0] [0 1 1.0 0.0] [0 1 1.0 0.0] [0 1 1.0 0.0] [0 1 1.0 0.0] [0 1 1.0 0.0] [0 1 1.0 0.0] [0 1 1.0 0.0] [0 1 1.0 0.0] [0 1 1.0 0.0] [0 1 1.0 0.0] [0 1 1.0 0.0] [0 1 1.0 0.0] [0 1 1.0 0.0] [0 1 1.0 0.0] [0 1 1.0 0.0] [0 1 1.0 0.0] [0 1 1.0 0.0] [0 1 1.0 0.0] [0 1 1.0 0.0] [0 1 1.0 0.0] [0 1 1.0 0.0] [0 1 1.0 0.0] [0 1 1.0 0.0] [0 1 1.0 0.0] [0 1 1.0 0.0] [0 1 1.0 0.0] [0 1 1.0 0.0] [0 1 1.0 0.0] [0 1 1.0 0.0] [0 1 1.0 0.0] [0 1 1.0 0.0] [0 1 1.0 0.0] [0 1 1.0 0.0] [0 1 1.0 0.0] [0 1 1.0 0.0] [0 1 1.0 0.0] [0 1 1.0 0.0] [0 1 1.0 0.0] [0 1 1.0 0.0] [0 1 1.0 0.0] [0 1 1.0 0.0] [0 1 1.0 0.0] [0 1 1.0 0.0] [0 1 1.0 0.0] [0 1 1.0 0.0] [0 1 1.0 0.0] [0 1 1.0 0.0] [0 1 1.0 0.0] [0 1 1.0 0.0] [0 1 1.0 0.0] [0 1 1.0 0.0] [0 1 1.0 0.0] [0 1 1.0 0.0] [0 1 1.0 0.0] [0 1 1.0 0.0] [0 1 1.0 0.0] [0 1 1.0 0.0] [0 1 1.0 0.0] [0 1 1.0 0.0] [0 1 1.0 0.0] [0 1 1.0 0.0] [0 1 1.0 0.0] [0 1 1.0 0.0] [0 1 1.0 0.0] [0 1 1.0 0.0] [0 1 1.0 0.0] [0 1 1.0 0.0]
[0 1 1.0 0.0] [0 1 1.0 0.0] [0 1 1.0 0.0] [0 1 1.0 0.0] [0 1 1.0 0.0] [0 1 1.0 0.0] [0 1 1.0 0.0] [0 1 1.0 0.0] [0 1 1.0 0.0] [0 1 1.0 0.0] [0 1 1.0 0.0] [0 1 1.0 0.0] [0 1 1.0 0.0] [0 1 1.0 0.0] [0 1 1.0 0.0] [0 1 1.0 0.0] [0 1 1.0 0.0] [0 1 1.0 0.0] [0 1 1.0 0.0] [0 1 1.0 0.0] [0 1 1.0 0.0] [0 1 1.0 0.0] [0 1 1.0 0.0] [0 1 1.0 0.0] [0 1 1.0 0.0] [0 1 1.0 0.0] [0 1 1.0 0.0] [0 1 1.0 0.0] [0 1 1.0 0.0] [0 1 1.0 0.0] [0 1 1.0 0.0] [0 1 1.0 0.0] [0 1 1.0 0.0] [0 1 1.0 0.0] [0 1 1.0 0.0] [0 1 1.0 0.0] [0 1 1.0 0.0] [0 1 1.0 0.0] [0 1 1.0 0.0] [0 1 1.0 0.0] [0 1 1.0 0.0] [0 1 1.0 0.0] [0 1 1.0 0.0] [0 1 1.0 0.0] [0 1 1.0 0.0] [0 1 1.0 0.0] [0 1 1.0 0.0] [0 1 1.0 0.0] [0 1 1.0 0.0] [0 1 1.0 0.0] [0 1 1.0 0.0] [0 1 1.0 0.0] [0 1 1.0 0.0] [0 1 1.0 0.0] [0 1 1.0 0.0] [0 1 1.0 0.0] [0 1 1.0 0.0] [0 1 1.0 0.0] [0 1 1.0 0.0] [0 1 1.0 0.0] [0 1 1.0 0.0] [0 1 1.0 0.0] [0 1 1.0 0.0] [0 1 1.0 0.0] [0 1 1.0 0.0] [0 1 1.0 0.0] [0 1 1.0 0.0] [0 1 1.0 0.0] [0 1 1.0 0.0] [0 1 1.0 0.0] [0 1 1.0 0.0] [0 1 1.0 0.0] [0 1 1.0 0.0] [0 1 1.0 0.0] [0 1 1.0 0.0] [0 1 1.0 0.0] [0 1 1.0 0.0] [0 1 1.0 0.0] [0 1 1.0 0.0] [0 1 1.0 0.0] [0 1 1.0 0.0] [0 1 1.0 0.0] [0 1 1.0 0.0] [0 1 1.0 0.0] [0 1 1.0 0.0] [0 1 1.0 0.0] [0 1 1.0 0.0] [0 1 1.0 0.0] [0 1 1.0 0.0] [0 1 1.0 0.0] [0 1 1.0 0.0] [0 1 1.0 0.0] [0 1 1.0 0.0] [0 1 1.0 0.0] [0 1 1.0 0.0] [0 1 1.0 0.0] [0 1 1.0 0.0] [0 1 1.0 0.0] [0 1 1.0 0.0] [0 1 1.0 0.0] [0 1 1.0 0.0] [0 1 1.0 0.0] [0 1 1.0 0.0] [0 1 1.0 0.0] [0 1 1.0 0.0] [0 1 1.0 0.0] [0 1 1.0 0.0] [0 1 1.0 0.0] [0 1 1.0 0.0] [0 1 1.0 0.0] [0 1 1.0 0.0] [0 1 1.0 0.0] [0 1 1.0 0.0] [0 1 1.0 0.0] [0 1 1.0 0.0] [0 1 1.0 0.0] [0 1 1.0 0.0] [0 1 1.0 0.0] [0 1 1.0 0.0] [0 1 1.0 0.0] [0 1 1.0 0.0] [0 1 1.0 0.0] [0 1 1.0 0.0] [0 1 1.0 0.0] [0 1 1.0 0.0] [0 1 1.0 0.0] [0 1 1.0 0.0] [0 1 1.0 0.0] [0 1 1.0 0.0] [0 1 1.0 0.0] [0 1 1.0 0.0] [0 1 1.0 0.0] [0 1 1.0 0.0] [0 1 1.0 0.0] [0 1 1.0 0.0] [0 1 1.0 0.0] [0 1 1.0 0.0] [0 1 1.0 0.0] [0 1 1.0 0.0] [0 1 1.0 0.0] [0 1 1.0 0.0] [0 1 1.0 0.0] [0 1 1.0 0.0] [0 1 1.0 0.0] [0 1 1.0 0.0] [0 1 1.0 0.0] [0 1 1.0 0.0] [0 1 1.0 0.0] [0 1 1.0 0.0] [0 1 1.0 0.0] [0 1 1.0 0.0] [0 1 1.0 0.0] [0 1 1.0 0.0] [0 1 1.0 0.0] [0 1 1.0 0.0] [0 1 1.0 0.0] [0 1 1.0 0.0] [0 1 1.0 0.0] [0 1 1.0 0.0] [0 1 1.0 0.0]
[0 1 1.0 0.0] [0 1 1.0 0.0] [0 1 1.0 0.0] [0 1 1.0 0.0] [0 1 1.0 0.0] [0 1 1.0 0.0] [0 1 1.0 0.0] [0 1 1.0 0.0] [0 1 1.0 0.0] [0 1 1.0 0.0] [0 1 1.0 0.0] [0 1 1.0 0.0] [0 1 1.0 0.0] [0 1 1.0 0.0] [0 1 1.0 0.0] [0 1 1.0 0.0] [0 1 1.0 0.0] [0 1 1.0 0.0] [0 1 1.0 0.0] [0 1 1.0 0.0] [0 1 1.0 0.0] [0 1 1.0 0.0] [0 1 1.0 0.0] [0 1 1.0 0.0] [0 1 1.0 0.0] [0 1 1.0 0.0] [0 1 1.0 0.0] [0 1 1.0 0.0] [0 1 1.0 0.0] [0 1 1.0 0.0] [0 1 1.0 0.0] [0 1 1.0 0.0] [0 1 1.0 0.0] [0 1 1.0 0.0] [0 1 1.0 0.0] [0 1 1.0 0.0] [0 1 1.0 0.0] [0 1 1.0 0.0] [0 1 1.0 0.0] [0 1 1.0 0.0] [0 1 1.0 0.0] [0 1 1.0 0.0] [0 1 1.0 0.0] [0 1 1.0 0.0] [0 1 1.0 0.0] [0 1 1.0 0.0] [0 1 1.0 0.0] [0 1 1.0 0.0] [0 1 1.0 0.0] [0 1 1.0 0.0] [0 1 1.0 0.0] [0 1 1.0 0.0] [0 1 1.0 0.0] [0 1 1.0 0.0] [0 1 1.0 0.0] [0 1 1.0 0.0] [0 1 1.0 0.0] [0 1 1.0 0.0] [0 1 1.0 0.0] [0 1 1.0 0.0] [0 1 1.0 0.0] [0 1 1.0 0.0] [0 1 1.0 0.0] [0 1 1.0 0.0] [0 1 1.0 0.0] [0 1 1.0 0.0] [0 1 1.0 0.0] [0 1 1.0 0.0] [0 1 1.0 0.0] [0 1 1.0 0.0] [0 1 1.0 0.0] [0 1 1.0 0.0] [0 1 1.0 0.0] [0 1 1.0 0.0] [0 1 1.0 0.0] [0 1 1.0 0.0] [0 1 1.0 0.0] [0 1 1.0 0.0] [0 1 1.0 0.0] [0 1 1.0 0.0] [0 1 1.0 0.0] [0 1 1.0 0.0] [0 1 1.0 0.0] [0 1 1.0 0.0] [0 1 1.0 0.0] [0 1 1.0 0.0] [0 1 1.0 0.0] [0 1 1.0 0.0] [0 1 1.0 0.0] [0 1 1.0 0.0] [0 1 1.0 0.0] [0 1 1.0 0.0] [0 1 1.0 0.0] [0 1 1.0 0.0] [0 1 1.0 0.0] [0 1 1.0 0.0] [0 1 1.0 0.0] [0 1 1.0 0.0] [0 1 1.0 0.0] [0 1 1.0 0.0] [0 1 1.0 0.0] [0 1 1.0 0.0] [0 1 1.0 0.0] [0 1 1.0 0.0] [0 1 1.0 0.0] [0 1 1.0 0.0] [0 1 1.0 0.0] [0 1 1.0 0.0] [0 1 1.0 0.0] [0 1 1.0 0.0] [0 1 1.0 0.0] [0 1 1.0 0.0] [0 1 1.0 0.0] [0 1 1.0 0.0] [0 1 1.0 0.0] [0 1 1.0 0.0] [0 1 1.0 0.0] [0 1 1.0 0.0] [0 1 1.0 0.0] [0 1 1.0 0.0] [0 1 1.0 0.0] [0 1 1.0 0.0] [0 1 1.0 0.0] [0 1 1.0 0.0] [0 1 1.0 0.0] [0 1 1.0 0.0] [0 1 1.0 0.0] [0 1 1.0 0.0] [0 1 1.0 0.0] [0 1 1.0 0.0] [0 1 1.0 0.0] [0 1 1.0 0.0] [0 1 1.0 0.0] [0 1 1.0 0.0] [0 1 1.0 0.0] [0 1 1.0 0.0] [0 1 1.0 0.0] [0 1 1.0 0.0] [0 1 1.0 0.0] [0 1 1.0 0.0] [0 1 1.0 0.0] [0 1 1.0 0.0] [0 1 1.0 0.0] [0 1 1.0 0.0] [0 1 1.0 0.0] [0 1 1.0 0.0] [0 1 1.0 0.0] [0 1 1.0 0.0] [0 1 1.0 0.0] [0 1 1.0 0.0] [0 1 1.0 0.0] [0 1 1.0 0.0] [0 1 1.0 0.0] [0 1 1.0 0.0] [0 1 1.0 0.0] [0 1 1.0 0.0] [0 1 1.0 0.0] [0 1 1.0 0.0] [0 1 1.0 0.0] [0 1 1.0 0.0]
[0 1 1.0 0.0] [0 1 1.0 0.0] [0 1 1.0 0.0] [0 1 1.0 0.0] [0 1 1.0 0.0] [0 1 1.0 0.0] [0 1 1.0 0.0] [0 1 1.0 0.0] [0 1 1.0 0.0] [0 1 1.0 0.0] [0 1 1.0 0.0] [0 1 1.0 0.0] [0 1 1.0 0.0] [0 1 1.0 0.0] [0 1 1.0 0.0] [0 1 1.0 0.0] [0 1 1.0 0.0] [0 1 1.0 0.0] [0 1 1.0 0.0] [0 1 1.0 0.0] [0 1 1.0 0.0] [0 1 1.0 0.0] [0 1 1.0 0.0] [0 1 1.0 0.0] [0 1 1.0 0.0] [0 1 1.0 0.0] [0 1 1.0 0.0] [0 1 1.0 0.0] [0 1 1.0 0.0] [0 1 1.0 0.0] [0 1 1.0 0.0] [0 1 1.0 0.0] [0 1 1.0 0.0] [0 1 1.0 0.0] [0 1 1.0 0.0] [0 1 1.0 0.0] [0 1 1.0 0.0] [0 1 1.0 0.0] [0 1 1.0 0.0] [0 1 1.0 0.0] [0 1 1.0 0.0] [0 1 1.0 0.0] [0 1 1.0 0.0] [0 1 1.0 0.0] [0 1 1.0 0.0] [0 1 1.0 0.0] [0 1 1.0 0.0] [0 1 1.0 0.0] [0 1 1.0 0.0] [0 1 1.0 0.0] [0 1 1.0 0.0] [0 1 1.0 0.0] [0 1 1.0 0.0] [0 1 1.0 0.0] [0 1 1.0 0.0] [0 1 1.0 0.0] [0 1 1.0 0.0] [0 1 1.0 0.0] [0 1 1.0 0.0] [0 1 1.0 0.0] [0 1 1.0 0.0] [0 1 1.0 0.0] [0 1 1.0 0.0] [0 1 1.0 0.0] [0 1 1.0 0.0] [0 1 1.0 0.0] [0 1 1.0 0.0] [0 1 1.0 0.0] [0 1 1.0 0.0] [0 1 1.0 0.0] [0 1 1.0 0.0] [0 1 1.0 0.0] [0 1 1.0 0.0] [0 1 1.0 0.0] [0 1 1.0 0.0] [0 1 1.0 0.0] [0 1 1.0 0.0] [0 1 1.0 0.0] [0 1 1.0 0.0] [0 1 1.0 0.0] [0 1 1.0 0.0] [0 1 1.0 0.0] [0 1 1.0 0.0] [0 1 1.0 0.0] [0 1 1.0 0.0] [0 1 1.0 0.0] [0 1 1.0 0.0] [0 1 1.0 0.0] [0 1 1.0 0.0] [0 1 1.0 0.0] [0 1 1.0 0.0] [0 1 1.0 0.0] [0 1 1.0 0.0] [0 1 1.0 0.0] [0 1 1.0 0.0] [0 1 1.0 0.0] [0 1 1.0 0.0] [0 1 1.0 0.0] [0 1 1.0 0.0] [0 1 1.0 0.0] [0 1 1.0 0.0] [0 1 1.0 0.0] [0 1 1.0 0.0] [0 1 1.0 0.0] [0 1 1.0 0.0] [0 1 1.0 0.0] [0 1 1.0 0.0] [0 1 1.0 0.0] [0 1 1.0 0.0] [0 1 1.0 0.0] [0 1 1.0 0.0] [0 1 1.0 0.0] [0 1 1.0 0.0] [0 1 1.0 0.0] [0 1 1.0 0.0] [0 1 1.0 0.0] [0 1 1.0 0.0] [0 1 1.0 0.0] [0 1 1.0 0.0] [0 1 1.0 0.0] [0 1 1.0 0.0] [0 1 1.0 0.0] [0 1 1.0 0.0] [0 1 1.0 0.0] [0 1 1.0 0.0] [0 1 1.0 0.0] [0 1 1.0 0.0] [0 1 1.0 0.0] [0 1 1.0 0.0] [0 1 1.0 0.0] [0 1 1.0 0.0] [0 1 1.0 0.0] [0 1 1.0 0.0] [0 1 1.0 0.0] [0 1 1.0 0.0] [0 1 1.0 0.0] [0 1 1.0 0.0] [0 1 1.0 0.0] [0 1 1.0 0.0] [0 1 1.0 0.0] [0 1 1.0 0.0] [0 1 1.0 0.0] [0 1 1.0 0.0] [0 1 1.0 0.0] [0 1 1.0 0.0] [0 1 1.0 0.0] [0 1 1.0 0.0] [0 1 1.0 0.0] [0 1 1.0 0.0] [0 1 1.0 0.0] [0 1 1.0 0.0] [0 1 1.0 0.0] [0 1 1.0 0.0] [0 1 1.0 0.0] [0 1 1.0 0.0] [0 1 1.0 0.0] [0 1 1.0 0.0] [0 1 1.0 0.0] [0 1 1.0 0.0] [0 1 1.0 0.0]
[0 1 1.0 0.0] [0 1 1.0 0.0] [0 1 1.0 0.0] [0 1 1.0 0.0] [0 1 1.0 0.0] [0 1 1.0 0.0] [0 1 1.0 0.0] [0 1 1.0 0.0] [0 1 1.0 0.0] [0 1 1.0 0.0] [0 1 1.0 0.0] [0 1 1.0 0.0] [0 1 1.0 0.0] [0 1 1.0 0.0] [0 1 1.0 0.0] [0 1 1.0 0.0] [0 1 1.0 0.0] [0 1 1.0 0.0] [0 1 1.0 0.0] [0 1 1.0 0.0] [0 1 1.0 0.0] [0 1 1.0 0.0] [0 1 1.0 0.0] [0 1 1.0 0.0] [0 1 1.0 0.0] [0 1 1.0 0.0] [0 1 1.0 0.0] [0 1 1.0 0.0] [0 1 1.0 0.0] [0 1 1.0 0.0] [0 1 1.0 0.0] [0 1 1.0 0.0] [0 1 1.0 0.0] [0 1 1.0 0.0] [0 1 1.0 0.0] [0 1 1.0 0.0] [0 1 1.0 0.0] [0 1 1.0 0.0] [0 1 1.0 0.0] [0 1 1.0 0.0] [0 1 1.0 0.0] [0 1 1.0 0.0] [0 1 1.0 0.0] [0 1 1.0 0.0] [0 1 1.0 0.0] [0 1 1.0 0.0] [0 1 1.0 0.0] [0 1 1.0 0.0] [0 1 1.0 0.0] [0 1 1.0 0.0] [0 1 1.0 0.0] [0 1 1.0 0.0] [0 1 1.0 0.0] [0 1 1.0 0.0] [0 1 1.0 0.0] [0 1 1.0 0.0] [0 1 1.0 0.0] [0 1 1.0 0.0] [0 1 1.0 0.0] [0 1 1.0 0.0] [0 1 1.0 0.0] [0 1 1.0 0.0] [0 1 1.0 0.0] [0 1 1.0 0.0] [0 1 1.0 0.0] [0 1 1.0 0.0] [0 1 1.0 0.0] [0 1 1.0 0.0] [0 1 1.0 0.0] [0 1 1.0 0.0] [0 1 1.0 0.0] [0 1 1.0 0.0] [0 1 1.0 0.0] [0 1 1.0 0.0] [0 1 1.0 0.0] [0 1 1.0 0.0] [0 1 1.0 0.0] [0 1 1.0 0.0] [0 1 1.0 0.0] [0 1 1.0 0.0] [0 1 1.0 0.0] [0 1 1.0 0.0] [0 1 1.0 0.0] [0 1 1.0 0.0] [0 1 1.0 0.0] [0 1 1.0 0.0] [0 1 1.0 0.0] [0 1 1.0 0.0] [0 1 1.0 0.0] [0 1 1.0 0.0] [0 1 1.0 0.0] [0 1 1.0 0.0] [0 1 1.0 0.0] [0 1 1.0 0.0] [0 1 1.0 0.0] [0 1 1.0 0.0] [0 1 1.0 0.0] [0 1 1.0 0.0] [0 1 1.0 0.0] [0 1 1.0 0.0] [0 1 1.0 0.0] [0 1 1.0 0.0] [0 1 1.0 0.0] [0 1 1.0 0.0] [0 1 1.0 0.0] [0 1 1.0 0.0] [0 1 1.0 0.0] [0 1 1.0 0.0] [0 1 1.0 0.0] [0 1 1.0 0.0] [0 1 1.0 0.0] [0 1 1.0 0.0] [0 1 1.0 0.0] [0 1 1.0 0.0] [0 1 1.0 0.0] [0 1 1.0 0.0] [0 1 1.0 0.0] [0 1 1.0 0.0] [0 1 1.0 0.0] [0 1 1.0 0.0] [0 1 1.0 0.0] [0 1 1.0 0.0] [0 1 1.0 0.0] [0 1 1.0 0.0] [0 1 1.0 0.0] [0 1 1.0 0.0] [0 1 1.0 0.0] [0 1 1.0 0.0] [0 1 1.0 0.0] [0 1 1.0 0.0] [0 1 1.0 0.0] [0 1 1.0 0.0] [0 1 1.0 0.0] [0 1 1.0 0.0] [0 1 1.0 0.0] [0 1 1.0 0.0] [0 1 1.0 0.0] [0 1 1.0 0.0] [0 1 1.0 0.0] [0 1 1.0 0.0] [0 1 1.0 0.0] [0 1 1.0 0.0] [0 1 1.0 0.0] [0 1 1.0 0.0] [0 1 1.0 0.0] [0 1 1.0 0.0] [0 1 1.0 0.0] [0 1 1.0 0.0] [0 1 1.0 0.0] [0 1 1.0 0.0] [0 1 1.0 0.0] [0 1 1.0 0.0] [0 1 1.0 0.0] [0 1 1.0 0.0] [0 1 1.0 0.0] [0 1 1.0 0.0] [0 1 1.0 0.0] [0 1 1.0 0.0] [0 1 1.0 0.0] [0 1 1.0 0.0]
[0 1 1.0 0.0] [0 1 1.0 0.0] [0 1 1.0 0.0] [0 1 1.0 0.0] [0 1 1.0 0.0] [0 1 1.0 0.0] [0 1 1.0 0.0] [0 1 1.0 0.0] [0 1 1.0 0.0] [0 1 1.0 0.0] [0 1 1.0 0.0] [0 1 1.0 0.0] [0 1 1.0 0.0] [0 1 1.0 0.0] [0 1 1.0 0.0] [0 1 1.0 0.0] [0 1 1.0 0.0] [0 1 1.0 0.0] [0 1 1.0 0.0] [0 1 1.0 0.0] [0 1 1.0 0.0] [0 1 1.0 0.0] [0 1 1.0 0.0] [0 1 1.0 0.0] [0 1 1.0 0.0] [0 1 1.0 0.0] [0 1 1.0 0.0] [0 1 1.0 0.0] [0 1 1.0 0.0] [0 1 1.0 0.0] [0 1 1.0 0.0] [0 1 1.0 0.0] [0 1 1.0 0.0] [0 1 1.0 0.0] [0 1 1.0 0.0] [0 1 1.0 0.0] [0 1 1.0 0.0] [0 1 1.0 0.0] [0 1 1.0 0.0] [0 1 1.0 0.0] [0 1 1.0 0.0] [0 1 1.0 0.0] [0 1 1.0 0.0] [0 1 1.0 0.0] [0 1 1.0 0.0] [0 1 1.0 0.0] [0 1 1.0 0.0] [0 1 1.0 0.0] [0 1 1.0 0.0] [0 1 1.0 0.0] [0 1 1.0 0.0] [0 1 1.0 0.0] [0 1 1.0 0.0] [0 1 1.0 0.0] [0 1 1.0 0.0] [0 1 1.0 0.0] [0 1 1.0 0.0] [0 1 1.0 0.0] [0 1 1.0 0.0] [0 1 1.0 0.0] [0 1 1.0 0.0] [0 1 1.0 0.0] [0 1 1.0 0.0] [0 1 1.0 0.0] [0 1 1.0 0.0] [0 1 1.0 0.0] [0 1 1.0 0.0] [0 1 1.0 0.0] [0 1 1.0 0.0] [0 1 1.0 0.0] [0 1 1.0 0.0] [0 1 1.0 0.0] [0 1 1.0 0.0] [0 1 1.0 0.0] [0 1 1.0 0.0] [0 1 1.0 0.0] [0 1 1.0 0.0] [0 1 1.0 0.0] [0 1 1.0 0.0] [0 1 1.0 0.0] [0 1 1.0 0.0] [0 1 1.0 0.0] [0 1 1.0 0.0] [0 1 1.0 0.0] [0 1 1.0 0.0] [0 1 1.0 0.0] [0 1 1.0 0.0] [0 1 1.0 0.0] [0 1 1.0 0.0] [0 1 1.0 0.0] [0 1 1.0 0.0] [0 1 1.0 0.0] [0 1 1.0 0.0] [0 1 1.0 0.0] [0 1 1.0 0.0] [0 1 1.0 0.0] [0 1 1.0 0.0] [0 1 1.0 0.0] [0 1 1.0 0.0] [0 1 1.0 0.0] [0 1 1.0 0.0] [0 1 1.0 0.0] [0 1 1.0 0.0] [0 1 1.0 0.0] [0 1 1.0 0.0] [0 1 1.0 0.0] [0 1 1.0 0.0] [0 1 1.0 0.0] [0 1 1.0 0.0] [0 1 1.0 0.0] [0 1 1.0 0.0] [0 1 1.0 0.0] [0 1 1.0 0.0] [0 1 1.0 0.0] [0 1 1.0 0.0] [0 1 1.0 0.0] [0 1 1.0 0.0] [0 1 1.0 0.0] [0 1 1.0 0.0] [0 1 1.0 0.0] [0 1 1.0 0.0] [0 1 1.0 0.0] [0 1 1.0 0.0] [0 1 1.0 0.0] [0 1 1.0 0.0] [0 1 1.0 0.0] [0 1 1.0 0.0] [0 1 1.0 0.0] [0 1 1.0 0.0] [0 1 1.0 0.0] [0 1 1.0 0.0] [0 1 1.0 0.0] [0 1 1.0 0.0] [0 1 1.0 0.0] [0 1 1.0 0.0] [0 1 1.0 0.0] [0 1 1.0 0.0] [0 1 1.0 0.0] [0 1 1.0 0.0] [0 1 1.0 0.0] [0 1 1.0 0.0] [0 1 1.0 0.0] [0 1 1.0 0.0] [0 1 1.0 0.0] [0 1 1.0 0.0] [0 1 1.0 0.0] [0 1 1.0 0.0] [0 1 1.0 0.0] [0 1 1.0 0.0] [0 1 1.0 0.0] [0 1 1.0 0.0] [0 1 1.0 0.0] [0 1 1.0 0.0] [0 1 1.0 0.0] [0 1 1.0 0.0] [0 1 1.0 0.0] [0 1 1.0 0.0] [0 1 1.0 0.0] [0 1 1.0 0.0] [0 1 1.0 0.0]
[0 1 1.0 0.0] [0 1 1.0 0.0] [0 1 1.0 0.0] [0 1 1.0 0.0] [0 1 1.0 0.0] [0 1 1.0 0.0] [0 1 1.0 0.0] [0 1 1.0 0.0] [0 1 1.0 0.0] [0 1 1.0 0.0] [0 1 1.0 0.0] [0 1 1.0 0.0] [0 1 1.0 0.0] [0 1 1.0 0.0] [0 1 1.0 0.0] [0 1 1.0 0.0] [0 1 1.0 0.0] [0 1 1.0 0.0] [0 1 1.0 0.0] [0 1 1.0 0.0] [0 1 1.0 0.0] [0 1 1.0 0.0] [0 1 1.0 0.0] [0 1 1.0 0.0] [0 1 1.0 0.0] [0 1 1.0 0.0] [0 1 1.0 0.0] [0 1 1.0 0.0] [0 1 1.0 0.0] [0 1 1.0 0.0] [0 1 1.0 0.0] [0 1 1.0 0.0] [0 1 1.0 0.0] [0 1 1.0 0.0] [0 1 1.0 0.0] [0 1 1.0 0.0] [0 1 1.0 0.0] [0 1 1.0 0.0] [0 1 1.0 0.0] [0 1 1.0 0.0] [0 1 1.0 0.0] [0 1 1.0 0.0] [0 1 1.0 0.0] [0 1 1.0 0.0] [0 1 1.0 0.0] [0 1 1.0 0.0] [0 1 1.0 0.0] [0 1 1.0 0.0] [0 1 1.0 0.0] [0 1 1.0 0.0] [0 1 1.0 0.0] [0 1 1.0 0.0] [0 1 1.0 0.0] [0 1 1.0 0.0] [0 1 1.0 0.0] [0 1 1.0 0.0] [0 1 1.0 0.0] [0 1 1.0 0.0] [0 1 1.0 0.0] [0 1 1.0 0.0] [0 1 1.0 0.0] [0 1 1.0 0.0] [0 1 1.0 0.0] [0 1 1.0 0.0] [0 1 1.0 0.0] [0 1 1.0 0.0] [0 1 1.0 0.0] [0 1 1.0 0.0] [0 1 1.0 0.0] [0 1 1.0 0.0] [0 1 1.0 0.0] [0 1 1.0 0.0] [0 1 1.0 0.0] [0 1 1.0 0.0] [0 1 1.0 0.0] [0 1 1.0 0.0] [0 1 1.0 0.0] [0 1 1.0 0.0] [0 1 1.0 0.0] [0 1 1.0 0.0] [0 1 1.0 0.0] [0 1 1.0 0.0] [0 1 1.0 0.0] [0 1 1.0 0.0] [0 1 1.0 0.0] [0 1 1.0 0.0] [0 1 1.0 0.0] [0 1 1.0 0.0] [0 1 1.0 0.0] [0 1 1.0 0.0] [0 1 1.0 0.0] [0 1 1.0 0.0] [0 1 1.0 0.0] [0 1 1.0 0.0] [0 1 1.0 0.0] [0 1 1.0 0.0] [0 1 1.0 0.0] [0 1 1.0 0.0] [0 1 1.0 0.0] [0 1 1.0 0.0] [0 1 1.0 0.0] [0 1 1.0 0.0] [0 1 1.0 0.0] [0 1 1.0 0.0] [0 1 1.0 0.0] [0 1 1.0 0.0] [0 1 1.0 0.0] [0 1 1.0 0.0] [0 1 1.0 0.0] [0 1 1.0 0.0] [0 1 1.0 0.0] [0 1 1.0 0.0] [0 1 1.0 0.0] [0 1 1.0 0.0] [0 1 1.0 0.0] [0 1 1.0 0.0] [0 1 1.0 0.0] [0 1 1.0 0.0] [0 1 1.0 0.0] [0 1 1.0 0.0] [0 1 1.0 0.0] [0 1 1.0 0.0] [0 1 1.0 0.0] [0 1 1.0 0.0] [0 1 1.0 0.0] [0 1 1.0 0.0] [0 1 1.0 0.0] [0 1 1.0 0.0] [0 1 1.0 0.0] [0 1 1.0 0.0] [0 1 1.0 0.0] [0 1 1.0 0.0] [0 1 1.0 0.0] [0 1 1.0 0.0] [0 1 1.0 0.0] [0 1 1.0 0.0] [0 1 1.0 0.0] [0 1 1.0 0.0] [0 1 1.0 0.0] [0 1 1.0 0.0] [0 1 1.0 0.0] [0 1 1.0 0.0] [0 1 1.0 0.0] [0 1 1.0 0.0] [0 1 1.0 0.0] [0 1 1.0 0.0] [0 1 1.0 0.0] [0 1 1.0 0.0] [0 1 1.0 0.0] [0 1 1.0 0.0] [0 1 1.0 0.0] [0 1 1.0 0.0] [0 1 1.0 0.0] [0 1 1.0 0.0] [0 1 1.0 0.0] [0 1 1.0 0.0] [0 1 1.0 0.0] [0 1 1.0 0.0] [0 1 1.0 0.0] [0 1 1.0 0.0]
[0 1 1.0 0.0] [0 1 1.0 0.0] [0 1 1.0 0.0] [0 1 1.0 0.0] [0 1 1.0 0.0] [0 1 1.0 0.0] [0 1 1.0 0.0] [0 1 1.0 0.0] [0 1 1.0 0.0] [0 1 1.0 0.0] [0 1 1.0 0.0] [0 1 1.0 0.0] [0 1 1.0 0.0] [0 1 1.0 0.0] [0 1 1.0 0.0] [0 1 1.0 0.0] [0 1 1.0 0.0] [0 1 1.0 0.0] [0 1 1.0 0.0] [0 1 1.0 0.0] [0 1 1.0 0.0] [0 1 1.0 0.0] [0 1 1.0 0.0] [0 1 1.0 0.0] [0 1 1.0 0.0] [0 1 1.0 0.0] [0 1 1.0 0.0] [0 1 1.0 0.0] [0 1 1.0 0.0] [0 1 1.0 0.0] [0 1 1.0 0.0] [0 1 1.0 0.0] [0 1 1.0 0.0] [0 1 1.0 0.0] [0 1 1.0 0.0] [0 1 1.0 0.0] [0 1 1.0 0.0] [0 1 1.0 0.0] [0 1 1.0 0.0] [0 1 1.0 0.0] [0 1 1.0 0.0] [0 1 1.0 0.0] [0 1 1.0 0.0] [0 1 1.0 0.0] [0 1 1.0 0.0] [0 1 1.0 0.0] [0 1 1.0 0.0] [0 1 1.0 0.0] [0 1 1.0 0.0] [0 1 1.0 0.0] [0 1 1.0 0.0] [0 1 1.0 0.0] [0 1 1.0 0.0] [0 1 1.0 0.0] [0 1 1.0 0.0] [0 1 1.0 0.0] [0 1 1.0 0.0] [0 1 1.0 0.0] [0 1 1.0 0.0] [0 1 1.0 0.0] [0 1 1.0 0.0] [0 1 1.0 0.0] [0 1 1.0 0.0] [0 1 1.0 0.0] [0 1 1.0 0.0] [0 1 1.0 0.0] [0 1 1.0 0.0] [0 1 1.0 0.0] [0 1 1.0 0.0] [0 1 1.0 0.0] [0 1 1.0 0.0] [0 1 1.0 0.0] [0 1 1.0 0.0] [0 1 1.0 0.0] [0 1 1.0 0.0] [0 1 1.0 0.0] [0 1 1.0 0.0] [0 1 1.0 0.0] [0 1 1.0 0.0] [0 1 1.0 0.0] [0 1 1.0 0.0] [0 1 1.0 0.0] [0 1 1.0 0.0] [0 1 1.0 0.0] [0 1 1.0 0.0] [0 1 1.0 0.0] [0 1 1.0 0.0] [0 1 1.0 0.0] [0 1 1.0 0.0] [0 1 1.0 0.0] [0 1 1.0 0.0] [0 1 1.0 0.0] [0 1 1.0 0.0] [0 1 1.0 0.0] [0 1 1.0 0.0] [0 1 1.0 0.0] [0 1 1.0 0.0] [0 1 1.0 0.0] [0 1 1.0 0.0] [0 1 1.0 0.0] [0 1 1.0 0.0] [0 1 1.0 0.0] [0 1 1.0 0.0] [0 1 1.0 0.0] [0 1 1.0 0.0] [0 1 1.0 0.0] [0 1 1.0 0.0] [0 1 1.0 0.0] [0 1 1.0 0.0] [0 1 1.0 0.0] [0 1 1.0 0.0] [0 1 1.0 0.0] [0 1 1.0 0.0] [0 1 1.0 0.0] [0 1 1.0 0.0] [0 1 1.0 0.0] [0 1 1.0 0.0] [0 1 1.0 0.0] [0 1 1.0 0.0] [0 1 1.0 0.0] [0 1 1.0 0.0] [0 1 1.0 0.0] [0 1 1.0 0.0] [0 1 1.0 0.0] [0 1 1.0 0.0] [0 1 1.0 0.0] [0 1 1.0 0.0] [0 1 1.0 0.0] [0 1 1.0 0.0] [0 1 1.0 0.0] [0 1 1.0 0.0] [0 1 1.0 0.0] [0 1 1.0 0.0] [0 1 1.0 0.0] [0 1 1.0 0.0] [0 1 1.0 0.0] [0 1 1.0 0.0] [0 1 1.0 0.0] [0 1 1.0 0.0] [0 1 1.0 0.0] [0 1 1.0 0.0] [0 1 1.0 0.0] [0 1 1.0 0.0] [0 1 1.0 0.0] [0 1 1.0 0.0] [0 1 1.0 0.0] [0 1 1.0 0.0] [0 1 1.0 0.0] [0 1 1.0 0.0] [0 1 1.0 0.0] [0 1 1.0 0.0] [0 1 1.0 0.0] [0 1 1.0 0.0] [0 1 1.0 0.0] [0 1 1.0 0.0] [0 1 1.0 0.0] [0 1 1.0 0.0] [0 1 1.0 0.0] [0 1 1.0 0.0] [0 1 1.0 0.0]
[0 1 1.0 0.0] [0 1 1.0 0.0] [0 1 1.0 0.0] [0 1 1.0 0.0] [0 1 1.0 0.0] [0 1 1.0 0.0] [0 1 1.0 0.0] [0 1 1.0 0.0] [0 1 1.0 0.0] [0 1 1.0 0.0] [0 1 1.0 0.0] [0 1 1.0 0.0] [0 1 1.0 0.0] [0 1 1.0 0.0] [0 1 1.0 0.0] [0 1 1.0 0.0] [0 1 1.0 0.0] [0 1 1.0 0.0] [0 1 1.0 0.0] [0 1 1.0 0.0] [0 1 1.0 0.0] [0 1 1.0 0.0] [0 1 1.0 0.0] [0 1 1.0 0.0] [0 1 1.0 0.0] [0 1 1.0 0.0] [0 1 1.0 0.0] [0 1 1.0 0.0] [0 1 1.0 0.0] [0 1 1.0 0.0] [0 1 1.0 0.0] [0 1 1.0 0.0] [0 1 1.0 0.0] [0 1 1.0 0.0] [0 1 1.0 0.0] [0 1 1.0 0.0] [0 1 1.0 0.0] [0 1 1.0 0.0] [0 1 1.0 0.0] [0 1 1.0 0.0] [0 1 1.0 0.0] [0 1 1.0 0.0] [0 1 1.0 0.0] [0 1 1.0 0.0] [0 1 1.0 0.0] [0 1 1.0 0.0] [0 1 1.0 0.0] [0 1 1.0 0.0] [0 1 1.0 0.0] [0 1 1.0 0.0] [0 1 1.0 0.0] [0 1 1.0 0.0] [0 1 1.0 0.0] [0 1 1.0 0.0] [0 1 1.0 0.0] [0 1 1.0 0.0] [0 1 1.0 0.0] [0 1 1.0 0.0] [0 1 1.0 0.0] [0 1 1.0 0.0] [0 1 1.0 0.0] [0 1 1.0 0.0] [0 1 1.0 0.0] [0 1 1.0 0.0] [0 1 1.0 0.0] [0 1 1.0 0.0] [0 1 1.0 0.0] [0 1 1.0 0.0] [0 1 1.0 0.0] [0 1 1.0 0.0] [0 1 1.0 0.0] [0 1 1.0 0.0] [0 1 1.0 0.0] [0 1 1.0 0.0] [0 1 1.0 0.0] [0 1 1.0 0.0] [0 1 1.0 0.0] [0 1 1.0 0.0] [0 1 1.0 0.0] [0 1 1.0 0.0] [0 1 1.0 0.0] [0 1 1.0 0.0] [0 1 1.0 0.0] [0 1 1.0 0.0] [0 1 1.0 0.0] [0 1 1.0 0.0] [0 1 1.0 0.0] [0 1 1.0 0.0] [0 1 1.0 0.0] [0 1 1.0 0.0] [0 1 1.0 0.0] [0 1 1.0 0.0] [0 1 1.0 0.0] [0 1 1.0 0.0] [0 1 1.0 0.0] [0 1 1.0 0.0] [0 1 1.0 0.0] [0 1 1.0 0.0] [0 1 1.0 0.0] [0 1 1.0 0.0] [0 1 1.0 0.0] [0 1 1.0 0.0] [0 1 1.0 0.0] [0 1 1.0 0.0] [0 1 1.0 0.0] [0 1 1.0 0.0] [0 1 1.0 0.0] [0 1 1.0 0.0] [0 1 1.0 0.0] [0 1 1.0 0.0] [0 1 1.0 0.0] [0 1 1.0 0.0] [0 1 1.0 0.0] [0 1 1.0 0.0] [0 1 1.0 0.0] [0 1 1.0 0.0] [0 1 1.0 0.0] [0 1 1.0 0.0] [0 1 1.0 0.0] [0 1 1.0 0.0] [0 1 1.0 0.0] [0 1 1.0 0.0] [0 1 1.0 0.0] [0 1 1.0 0.0] [0 1 1.0 0.0] [0 1 1.0 0.0] [0 1 1.0 0.0] [0 1 1.0 0.0] [0 1 1.0 0.0] [0 1 1.0 0.0] [0 1 1.0 0.0] [0 1 1.0 0.0] [0 1 1.0 0.0] [0 1 1.0 0.0] [0 1 1.0 0.0] [0 1 1.0 0.0] [0 1 1.0 0.0] [0 1 1.0 0.0] [0 1 1.0 0.0] [0 1 1.0 0.0] [0 1 1.0 0.0] [0 1 1.0 0.0] [0 1 1.0 0.0] [0 1 1.0 0.0] [0 1 1.0 0.0] [0 1 1.0 0.0] [0 1 1.0 0.0] [0 1 1.0 0.0] [0 1 1.0 0.0] [0 1 1.0 0.0] [0 1 1.0 0.0] [0 1 1.0 0.0] [0 1 1.0 0.0] [0 1 1.0 0.0] [0 1 1.0 0.0] [0 1 1.0 0.0] [0 1 1.0 0.0] [0 1 1.0 0.0] [0 1 1.0 0.0] [0 1 1.0 0.0]
[0 1 1.0 0.0] [0 1 1.0 0.0] [0 1 1.0 0.0] [0 1 1.0 0.0] [0 1 1.0 0.0] [0 1 1.0 0.0] [0 1 1.0 0.0] [0 1 1.0 0.0] [0 1 1.0 0.0] [0 1 1.0 0.0] [0 1 1.0 0.0] [0 1 1.0 0.0] [0 1 1.0 0.0] [0 1 1.0 0.0] [0 1 1.0 0.0] [0 1 1.0 0.0] [0 1 1.0 0.0] [0 1 1.0 0.0] [0 1 1.0 0.0] [0 1 1.0 0.0] [0 1 1.0 0.0] [0 1 1.0 0.0] [0 1 1.0 0.0] [0 1 1.0 0.0] [0 1 1.0 0.0] [0 1 1.0 0.0] [0 1 1.0 0.0] [0 1 1.0 0.0] [0 1 1.0 0.0] [0 1 1.0 0.0] [0 1 1.0 0.0] [0 1 1.0 0.0] [0 1 1.0 0.0] [0 1 1.0 0.0] [0 1 1.0 0.0] [0 1 1.0 0.0] [0 1 1.0 0.0] [0 1 1.0 0.0] [0 1 1.0 0.0] [0 1 1.0 0.0] [0 1 1.0 0.0] [0 1 1.0 0.0] [0 1 1.0 0.0] [0 1 1.0 0.0] [0 1 1.0 0.0] [0 1 1.0 0.0] [0 1 1.0 0.0] [0 1 1.0 0.0] [0 1 1.0 0.0] [0 1 1.0 0.0] [0 1 1.0 0.0] [0 1 1.0 0.0] [0 1 1.0 0.0] [0 1 1.0 0.0] [0 1 1.0 0.0] [0 1 1.0 0.0] [0 1 1.0 0.0] [0 1 1.0 0.0] [0 1 1.0 0.0] [0 1 1.0 0.0] [0 1 1.0 0.0] [0 1 1.0 0.0] [0 1 1.0 0.0] [0 1 1.0 0.0] [0 1 1.0 0.0] [0 1 1.0 0.0] [0 1 1.0 0.0] [0 1 1.0 0.0] [0 1 1.0 0.0] [0 1 1.0 0.0] [0 1 1.0 0.0] [0 1 1.0 0.0] [0 1 1.0 0.0] [0 1 1.0 0.0] [0 1 1.0 0.0] [0 1 1.0 0.0] [0 1 1.0 0.0] [0 1 1.0 0.0] [0 1 1.0 0.0] [0 1 1.0 0.0] [0 1 1.0 0.0] [0 1 1.0 0.0] [0 1 1.0 0.0] [0 1 1.0 0.0] [0 1 1.0 0.0] [0 1 1.0 0.0] [0 1 1.0 0.0] [0 1 1.0 0.0] [0 1 1.0 0.0] [0 1 1.0 0.0] [0 1 1.0 0.0] [0 1 1.0 0.0] [0 1 1.0 0.0] [0 1 1.0 0.0] [0 1 1.0 0.0] [0 1 1.0 0.0] [0 1 1.0 0.0] [0 1 1.0 0.0] [0 1 1.0 0.0] [0 1 1.0 0.0] [0 1 1.0 0.0] [0 1 1.0 0.0] [0 1 1.0 0.0] [0 1 1.0 0.0] [0 1 1.0 0.0] [0 1 1.0 0.0] [0 1 1.0 0.0] [0 1 1.0 0.0] [0 1 1.0 0.0] [0 1 1.0 0.0] [0 1 1.0 0.0] [0 1 1.0 0.0] [0 1 1.0 0.0] [0 1 1.0 0.0] [0 1 1.0 0.0] [0 1 1.0 0.0] [0 1 1.0 0.0] [0 1 1.0 0.0] [0 1 1.0 0.0] [0 1 1.0 0.0] [0 1 1.0 0.0] [0 1 1.0 0.0] [0 1 1.0 0.0] [0 1 1.0 0.0] [0 1 1.0 0.0] [0 1 1.0 0.0] [0 1 1.0 0.0] [0 1 1.0 0.0] [0 1 1.0 0.0] [0 1 1.0 0.0] [0 1 1.0 0.0] [0 1 1.0 0.0] [0 1 1.0 0.0] [0 1 1.0 0.0] [0 1 1.0 0.0] [0 1 1.0 0.0] [0 1 1.0 0.0] [0 1 1.0 0.0] [0 1 1.0 0.0] [0 1 1.0 0.0] [0 1 1.0 0.0] [0 1 1.0 0.0] [0 1 1.0 0.0] [0 1 1.0 0.0] [0 1 1.0 0.0] [0 1 1.0 0.0] [0 1 1.0 0.0] [0 1 1.0 0.0] [0 1 1.0 0.0] [0 1 1.0 0.0] [0 1 1.0 0.0] [0 1 1.0 0.0] [0 1 1.0 0.0] [0 1 1.0 0.0] [0 1 1.0 0.0] [0 1 1.0 0.0] [0 1 1.0 0.0] [0 1 1.0 0.0] [0 1 1.0 0.0] [0 1 1.0 0.0]
[0 1 1.0 0.0] [0 1 1.0 0.0] [0 1 1.0 0.0] [0 1 1.0 0.0] [0 1 1.0 0.0] [0 1 1.0 0.0] [0 1 1.0 0.0] [0 1 1.0 0.0] [0 1 1.0 0.0] [0 1 1.0 0.0] [0 1 1.0 0.0] [0 1 1.0 0.0] [0 1 1.0 0.0] [0 1 1.0 0.0] [0 1 1.0 0.0] [0 1 1.0 0.0] [0 1 1.0 0.0] [0 1 1.0 0.0] [0 1 1.0 0.0] [0 1 1.0 0.0] [0 1 1.0 0.0] [0 1 1.0 0.0] [0 1 1.0 0.0] [0 1 1.0 0.0] [0 1 1.0 0.0] [0 1 1.0 0.0] [0 1 1.0 0.0] [0 1 1.0 0.0] [0 1 1.0 0.0] [0 1 1.0 0.0] [0 1 1.0 0.0] [0 1 1.0 0.0] [0 1 1.0 0.0] [0 1 1.0 0.0] [0 1 1.0 0.0] [0 1 1.0 0.0] [0 1 1.0 0.0] [0 1 1.0 0.0] [0 1 1.0 0.0] [0 1 1.0 0.0] [0 1 1.0 0.0] [0 1 1.0 0.0] [0 1 1.0 0.0] [0 1 1.0 0.0] [0 1 1.0 0.0] [0 1 1.0 0.0] [0 1 1.0 0.0] [0 1 1.0 0.0] [0 1 1.0 0.0] [0 1 1.0 0.0] [0 1 1.0 0.0] [0 1 1.0 0.0] [0 1 1.0 0.0] [0 1 1.0 0.0] [0 1 1.0 0.0] [0 1 1.0 0.0] [0 1 1.0 0.0] [0 1 1.0 0.0] [0 1 1.0 0.0] [0 1 1.0 0.0] [0 1 1.0 0.0] [0 1 1.0 0.0] [0 1 1.0 0.0] [0 1 1.0 0.0] [0 1 1.0 0.0] [0 1 1.0 0.0] [0 1 1.0 0.0] [0 1 1.0 0.0] [0 1 1.0 0.0] [0 1 1.0 0.0] [0 1 1.0 0.0] [0 1 1.0 0.0] [0 1 1.0 0.0] [0 1 1.0 0.0] [0 1 1.0 0.0] [0 1 1.0 0.0] [0 1 1.0 0.0] [0 1 1.0 0.0] [0 1 1.0 0.0] [0 1 1.0 0.0] [0 1 1.0 0.0] [0 1 1.0 0.0] [0 1 1.0 0.0] [0 1 1.0 0.0] [0 1 1.0 0.0] [0 1 1.0 0.0] [0 1 1.0 0.0] [0 1 1.0 0.0] [0 1 1.0 0.0] [0 1 1.0 0.0] [0 1 1.0 0.0] [0 1 1.0 0.0] [0 1 1.0 0.0] [0 1 1.0 0.0] [0 1 1.0 0.0] [0 1 1.0 0.0] [0 1 1.0 0.0] [0 1 1.0 0.0] [0 1 1.0 0.0] [0 1 1.0 0.0] [0 1 1.0 0.0] [0 1 1.0 0.0] [0 1 1.0 0.0] [0 1 1.0 0.0] [0 1 1.0 0.0] [0 1 1.0 0.0] [0 1 1.0 0.0] [0 1 1.0 0.0] [0 1 1.0 0.0] [0 1 1.0 0.0] [0 1 1.0 0.0] [0 1 1.0 0.0] [0 1 1.0 0.0] [0 1 1.0 0.0] [0 1 1.0 0.0] [0 1 1.0 0.0] [0 1 1.0 0.0] [0 1 1.0 0.0] [0 1 1.0 0.0] [0 1 1.0 0.0] [0 1 1.0 0.0] [0 1 1.0 0.0] [0 1 1.0 0.0] [0 1 1.0 0.0] [0 1 1.0 0.0] [0 1 1.0 0.0] [0 1 1.0 0.0] [0 1 1.0 0.0] [0 1 1.0 0.0] [0 1 1.0 0.0] [0 1 1.0 0.0] [0 1 1.0 0.0] [0 1 1.0 0.0] [0 1 1.0 0.0] [0 1 1.0 0.0] [0 1 1.0 0.0] [0 1 1.0 0.0] [0 1 1.0 0.0] [0 1 1.0 0.0] [0 1 1.0 0.0] [0 1 1.0 0.0] [0 1 1.0 0.0] [0 1 1.0 0.0] [0 1 1.0 0.0] [0 1 1.0 0.0] [0 1 1.0 0.0] [0 1 1.0 0.0] [0 1 1.0 0.0] [0 1 1.0 0.0] [0 1 1.0 0.0] [0 1 1.0 0.0] [0 1 1.0 0.0] [0 1 1.0 0.0] [0 1 1.0 0.0] [0 1 1.0 0.0] [0 1 1.0 0.0] [0 1 1.0 0.0] [0 1 1.0 0.0] [0 1 1.0 0.0] [0 1 1.0 0.0]
[0 1 1.0 0.0] [0 1 1.0 0.0] [0 1 1.0 0.0] [0 1 1.0 0.0] [0 1 1.0 0.0] [0 1 1.0 0.0] [0 1 1.0 0.0] [0 1 1.0 0.0] [0 1 1.0 0.0] [0 1 1.0 0.0] [0 1 1.0 0.0] [0 1 1.0 0.0] [0 1 1.0 0.0] [0 1 1.0 0.0] [0 1 1.0 0.0] [0 1 1.0 0.0] [0 1 1.0 0.0] [0 1 1.0 0.0] [0 1 1.0 0.0] [0 1 1.0 0.0] [0 1 1.0 0.0] [0 1 1.0 0.0] [0 1 1.0 0.0] [0 1 1.0 0.0] [0 1 1.0 0.0] [0 1 1.0 0.0] [0 1 1.0 0.0] [0 1 1.0 0.0] [0 1 1.0 0.0] [0 1 1.0 0.0] [0 1 1.0 0.0] [0 1 1.0 0.0] [0 1 1.0 0.0] [0 1 1.0 0.0] [0 1 1.0 0.0] [0 1 1.0 0.0] [0 1 1.0 0.0] [0 1 1.0 0.0] [0 1 1.0 0.0] [0 1 1.0 0.0] [0 1 1.0 0.0] [0 1 1.0 0.0] [0 1 1.0 0.0] [0 1 1.0 0.0] [0 1 1.0 0.0] [0 1 1.0 0.0] [0 1 1.0 0.0] [0 1 1.0 0.0] [0 1 1.0 0.0] [0 1 1.0 0.0] [0 1 1.0 0.0] [0 1 1.0 0.0] [0 1 1.0 0.0] [0 1 1.0 0.0] [0 1 1.0 0.0] [0 1 1.0 0.0] [0 1 1.0 0.0] [0 1 1.0 0.0] [0 1 1.0 0.0] [0 1 1.0 0.0] [0 1 1.0 0.0] [0 1 1.0 0.0] [0 1 1.0 0.0] [0 1 1.0 0.0] [0 1 1.0 0.0] [0 1 1.0 0.0] [0 1 1.0 0.0] [0 1 1.0 0.0] [0 1 1.0 0.0] [0 1 1.0 0.0] [0 1 1.0 0.0] [0 1 1.0 0.0] [0 1 1.0 0.0] [0 1 1.0 0.0] [0 1 1.0 0.0] [0 1 1.0 0.0] [0 1 1.0 0.0] [0 1 1.0 0.0] [0 1 1.0 0.0] [0 1 1.0 0.0] [0 1 1.0 0.0] [0 1 1.0 0.0] [0 1 1.0 0.0] [0 1 1.0 0.0] [0 1 1.0 0.0] [0 1 1.0 0.0] [0 1 1.0 0.0] [0 1 1.0 0.0] [0 1 1.0 0.0] [0 1 1.0 0.0] [0 1 1.0 0.0] [0 1 1.0 0.0] [0 1 1.0 0.0] [0 1 1.0 0.0] [0 1 1.0 0.0] [0 1 1.0 0.0] [0 1 1.0 0.0] [0 1 1.0 0.0] [0 1 1.0 0.0] [0 1 1.0 0.0] [0 1 1.0 0.0] [0 1 1.0 0.0] [0 1 1.0 0.0] [0 1 1.0 0.0] [0 1 1.0 0.0] [0 1 1.0 0.0] [0 1 1.0 0.0] [0 1 1.0 0.0] [0 1 1.0 0.0] [0 1 1.0 0.0] [0 1 1.0 0.0] [0 1 1.0 0.0] [0 1 1.0 0.0] [0 1 1.0 0.0] [0 1 1.0 0.0] [0 1 1.0 0.0] [0 1 1.0 0.0] [0 1 1.0 0.0] [0 1 1.0 0.0] [0 1 1.0 0.0] [0 1 1.0 0.0] [0 1 1.0 0.0] [0 1 1.0 0.0] [0 1 1.0 0.0] [0 1 1.0 0.0] [0 1 1.0 0.0] [0 1 1.0 0.0] [0 1 1.0 0.0] [0 1 1.0 0.0] [0 1 1.0 0.0] [0 1 1.0 0.0] [0 1 1.0 0.0] [0 1 1.0 0.0] [0 1 1.0 0.0] [0 1 1.0 0.0] [0 1 1.0 0.0] [0 1 1.0 0.0] [0 1 1.0 0.0] [0 1 1.0 0.0] [0 1 1.0 0.0] [0 1 1.0 0.0] [0 1 1.0 0.0] [0 1 1.0 0.0] [0 1 1.0 0.0] [0 1 1.0 0.0] [0 1 1.0 0.0] [0 1 1.0 0.0] [0 1 1.0 0.0] [0 1 1.0 0.0] [0 1 1.0 0.0] [0 1 1.0 0.0] [0 1 1.0 0.0] [0 1 1.0 0.0] [0 1 1.0 0.0] [0 1 1.0 0.0] [0 1 1.0 0.0] [0 1 1.0 0.0] [0 1 1.0 0.0] [0 1 1.0 0.0] [0 1 1.0 0.0]
[0 1 1.0 0.0] [0 1 1.0 0.0] [0 1 1.0 0.0] [0 1 1.0 0.0] [0 1 1.0 0.0] [0 1 1.0 0.0] [0 1 1.0 0.0] [0 1 1.0 0.0] [0 1 1.0 0.0] [0 1 1.0 0.0] [0 1 1.0 0.0] [0 1 1.0 0.0] [0 1 1.0 0.0] [0 1 1.0 0.0] [0 1 1.0 0.0] [0 1 1.0 0.0] [0 1 1.0 0.0] [0 1 1.0 0.0] [0 1 1.0 0.0] [0 1 1.0 0.0] [0 1 1.0 0.0] [0 1 1.0 0.0] [0 1 1.0 0.0] [0 1 1.0 0.0] [0 1 1.0 0.0] [0 1 1.0 0.0] [0 1 1.0 0.0] [0 1 1.0 0.0] [0 1 1.0 0.0] [0 1 1.0 0.0] [0 1 1.0 0.0] [0 1 1.0 0.0] [0 1 1.0 0.0] [0 1 1.0 0.0] [0 1 1.0 0.0] [0 1 1.0 0.0] [0 1 1.0 0.0] [0 1 1.0 0.0] [0 1 1.0 0.0] [0 1 1.0 0.0] [0 1 1.0 0.0] [0 1 1.0 0.0] [0 1 1.0 0.0] [0 1 1.0 0.0] [0 1 1.0 0.0] [0 1 1.0 0.0] [0 1 1.0 0.0] [0 1 1.0 0.0] [0 1 1.0 0.0] [0 1 1.0 0.0] [0 1 1.0 0.0] [0 1 1.0 0.0] [0 1 1.0 0.0] [0 1 1.0 0.0] [0 1 1.0 0.0] [0 1 1.0 0.0] [0 1 1.0 0.0] [0 1 1.0 0.0] [0 1 1.0 0.0] [0 1 1.0 0.0] [0 1 1.0 0.0] [0 1 1.0 0.0] [0 1 1.0 0.0] [0 1 1.0 0.0] [0 1 1.0 0.0] [0 1 1.0 0.0] [0 1 1.0 0.0] [0 1 1.0 0.0] [0 1 1.0 0.0] [0 1 1.0 0.0] [0 1 1.0 0.0] [0 1 1.0 0.0] [0 1 1.0 0.0] [0 1 1.0 0.0] [0 1 1.0 0.0] [0 1 1.0 0.0] [0 1 1.0 0.0] [0 1 1.0 0.0] [0 1 1.0 0.0] [0 1 1.0 0.0] [0 1 1.0 0.0] [0 1 1.0 0.0] [0 1 1.0 0.0] [0 1 1.0 0.0] [0 1 1.0 0.0] [0 1 1.0 0.0] [0 1 1.0 0.0] [0 1 1.0 0.0] [0 1 1.0 0.0] [0 1 1.0 0.0] [0 1 1.0 0.0] [0 1 1.0 0.0] [0 1 1.0 0.0] [0 1 1.0 0.0] [0 1 1.0 0.0] [0 1 1.0 0.0] [0 1 1.0 0.0] [0 1 1.0 0.0] [0 1 1.0 0.0] [0 1 1.0 0.0] [0 1 1.0 0.0] [0 1 1.0 0.0] [0 1 1.0 0.0] [0 1 1.0 0.0] [0 1 1.0 0.0] [0 1 1.0 0.0] [0 1 1.0 0.0] [0 1 1.0 0.0] [0 1 1.0 0.0] [0 1 1.0 0.0] [0 1 1.0 0.0] [0 1 1.0 0.0] [0 1 1.0 0.0] [0 1 1.0 0.0] [0 1 1.0 0.0] [0 1 1.0 0.0] [0 1 1.0 0.0] [0 1 1.0 0.0] [0 1 1.0 0.0] [0 1 1.0 0.0] [0 1 1.0 0.0] [0 1 1.0 0.0] [0 1 1.0 0.0] [0 1 1.0 0.0] [0 1 1.0 0.0] [0 1 1.0 0.0] [0 1 1.0 0.0] [0 1 1.0 0.0] [0 1 1.0 0.0] [0 1 1.0 0.0] [0 1 1.0 0.0] [0 1 1.0 0.0] [0 1 1.0 0.0] [0 1 1.0 0.0] [0 1 1.0 0.0] [0 1 1.0 0.0] [0 1 1.0 0.0] [0 1 1.0 0.0] [0 1 1.0 0.0] [0 1 1.0 0.0] [0 1 1.0 0.0] [0 1 1.0 0.0] [0 1 1.0 0.0] [0 1 1.0 0.0] [0 1 1.0 0.0] [0 1 1.0 0.0] [0 1 1.0 0.0] [0 1 1.0 0.0] [0 1 1.0 0.0] [0 1 1.0 0.0] [0 1 1.0 0.0] [0 1 1.0 0.0] [0 1 1.0 0.0] [0 1 1.0 0.0] [0 1 1.0 0.0] [0 1 1.0 0.0] [0 1 1.0 0.0] [0 1 1.0 0.0] [0 1 1.0 0.0] [0 1 1.0 0.0]
[0 1 1.0 0.0] [0 1 1.0 0.0] [0 1 1.0 0.0] [0 1 1.0 0.0] [0 1 1.0 0.0] [0 1 1.0 0.0] [0 1 1.0 0.0] [0 1 1.0 0.0] [0 1 1.0 0.0] [0 1 1.0 0.0] [0 1 1.0 0.0] [0 1 1.0 0.0] [0 1 1.0 0.0] [0 1 1.0 0.0] [0 1 1.0 0.0] [0 1 1.0 0.0] [0 1 1.0 0.0] [0 1 1.0 0.0] [0 1 1.0 0.0] [0 1 1.0 0.0] [0 1 1.0 0.0] [0 1 1.0 0.0] [0 1 1.0 0.0] [0 1 1.0 0.0] [0 1 1.0 0.0] [0 1 1.0 0.0] [0 1 1.0 0.0] [0 1 1.0 0.0] [0 1 1.0 0.0] [0 1 1.0 0.0] [0 1 1.0 0.0] [0 1 1.0 0.0] [0 1 1.0 0.0] [0 1 1.0 0.0] [0 1 1.0 0.0] [0 1 1.0 0.0] [0 1 1.0 0.0] [0 1 1.0 0.0] [0 1 1.0 0.0] [0 1 1.0 0.0] [0 1 1.0 0.0] [0 1 1.0 0.0] [0 1 1.0 0.0] [0 1 1.0 0.0] [0 1 1.0 0.0] [0 1 1.0 0.0] [0 1 1.0 0.0] [0 1 1.0 0.0] [0 1 1.0 0.0] [0 1 1.0 0.0] [0 1 1.0 0.0] [0 1 1.0 0.0] [0 1 1.0 0.0] [0 1 1.0 0.0] [0 1 1.0 0.0] [0 1 1.0 0.0] [0 1 1.0 0.0] [0 1 1.0 0.0] [0 1 1.0 0.0] [0 1 1.0 0.0] [0 1 1.0 0.0] [0 1 1.0 0.0] [0 1 1.0 0.0] [0 1 1.0 0.0] [0 1 1.0 0.0] [0 1 1.0 0.0] [0 1 1.0 0.0] [0 1 1.0 0.0] [0 1 1.0 0.0] [0 1 1.0 0.0] [0 1 1.0 0.0] [0 1 1.0 0.0] [0 1 1.0 0.0] [0 1 1.0 0.0] [0 1 1.0 0.0] [0 1 1.0 0.0] [0 1 1.0 0.0] [0 1 1.0 0.0] [0 1 1.0 0.0] [0 1 1.0 0.0] [0 1 1.0 0.0] [0 1 1.0 0.0] [0 1 1.0 0.0] [0 1 1.0 0.0] [0 1 1.0 0.0] [0 1 1.0 0.0] [0 1 1.0 0.0] [0 1 1.0 0.0] [0 1 1.0 0.0] [0 1 1.0 0.0] [0 1 1.0 0.0] [0 1 1.0 0.0] [0 1 1.0 0.0] [0 1 1.0 0.0] [0 1 1.0 0.0] [0 1 1.0 0.0] [0 1 1.0 0.0] [0 1 1.0 0.0] [0 1 1.0 0.0] [0 1 1.0 0.0] [0 1 1.0 0.0] [0 1 1.0 0.0] [0 1 1.0 0.0] [0 1 1.0 0.0] [0 1 1.0 0.0] [0 1 1.0 0.0] [0 1 1.0 0.0] [0 1 1.0 0.0] [0 1 1.0 0.0] [0 1 1.0 0.0] [0 1 1.0 0.0] [0 1 1.0 0.0] [0 1 1.0 0.0] [0 1 1.0 0.0] [0 1 1.0 0.0] [0 1 1.0 0.0] [0 1 1.0 0.0] [0 1 1.0 0.0] [0 1 1.0 0.0] [0 1 1.0 0.0] [0 1 1.0 0.0] [0 1 1.0 0.0] [0 1 1.0 0.0] [0 1 1.0 0.0] [0 1 1.0 0.0] [0 1 1.0 0.0] [0 1 1.0 0.0] [0 1 1.0 0.0] [0 1 1.0 0.0] [0 1 1.0 0.0] [0 1 1.0 0.0] [0 1 1.0 0.0] [0 1 1.0 0.0] [0 1 1.0 0.0] [0 1 1.0 0.0] [0 1 1.0 0.0] [0 1 1.0 0.0] [0 1 1.0 0.0] [0 1 1.0 0.0] [0 1 1.0 0.0] [0 1 1.0 0.0] [0 1 1.0 0.0] [0 1 1.0 0.0] [0 1 1.0 0.0] [0 1 1.0 0.0] [0 1 1.0 0.0] [0 1 1.0 0.0] [0 1 1.0 0.0] [0 1 1.0 0.0] [0 1 1.0 0.0] [0 1 1.0 0.0] [0 1 1.0 0.0] [0 1 1.0 0.0] [0 1 1.0 0.0] [0 1 1.0 0.0] [0 1 1.0 0.0] [0 1 1.0 0.0] [0 1 1.0 0.0] [0 1 1.0 0.0] [0 1 1.0 0.0]
[0 1 1.0 0.0] [0 1 1.0 0.0] [0 1 1.0 0.0] [0 1 1.0 0.0] [0 1 1.0 0.0] [0 1 1.0 0.0] [0 1 1.0 0.0] [0 1 1.0 0.0] [0 1 1.0 0.0] [0 1 1.0 0.0] [0 1 1.0 0.0] [0 1 1.0 0.0] [0 1 1.0 0.0] [0 1 1.0 0.0] [0 1 1.0 0.0] [0 1 1.0 0.0] [0 1 1.0 0.0] [0 1 1.0 0.0] [0 1 1.0 0.0] [0 1 1.0 0.0] [0 1 1.0 0.0] [0 1 1.0 0.0] [0 1 1.0 0.0] [0 1 1.0 0.0] [0 1 1.0 0.0] [0 1 1.0 0.0] [0 1 1.0 0.0] [0 1 1.0 0.0] [0 1 1.0 0.0] [0 1 1.0 0.0] [0 1 1.0 0.0] [0 1 1.0 0.0] [0 1 1.0 0.0] [0 1 1.0 0.0] [0 1 1.0 0.0] [0 1 1.0 0.0] [0 1 1.0 0.0] [0 1 1.0 0.0] [0 1 1.0 0.0] [0 1 1.0 0.0] [0 1 1.0 0.0] [0 1 1.0 0.0] [0 1 1.0 0.0] [0 1 1.0 0.0] [0 1 1.0 0.0] [0 1 1.0 0.0] [0 1 1.0 0.0] [0 1 1.0 0.0] [0 1 1.0 0.0] [0 1 1.0 0.0] [0 1 1.0 0.0] [0 1 1.0 0.0] [0 1 1.0 0.0] [0 1 1.0 0.0] [0 1 1.0 0.0] [0 1 1.0 0.0] [0 1 1.0 0.0] [0 1 1.0 0.0] [0 1 1.0 0.0] [0 1 1.0 0.0] [0 1 1.0 0.0] [0 1 1.0 0.0] [0 1 1.0 0.0] [0 1 1.0 0.0] [0 1 1.0 0.0] [0 1 1.0 0.0] [0 1 1.0 0.0] [0 1 1.0 0.0] [0 1 1.0 0.0] [0 1 1.0 0.0] [0 1 1.0 0.0] [0 1 1.0 0.0] [0 1 1.0 0.0] [0 1 1.0 0.0] [0 1 1.0 0.0] [0 1 1.0 0.0] [0 1 1.0 0.0] [0 1 1.0 0.0] [0 1 1.0 0.0] [0 1 1.0 0.0] [0 1 1.0 0.0] [0 1 1.0 0.0] [0 1 1.0 0.0] [0 1 1.0 0.0] [0 1 1.0 0.0] [0 1 1.0 0.0] [0 1 1.0 0.0] [0 1 1.0 0.0] [0 1 1.0 0.0] [0 1 1.0 0.0] [0 1 1.0 0.0] [0 1 1.0 0.0] [0 1 1.0 0.0] [0 1 1.0 0.0] [0 1 1.0 0.0] [0 1 1.0 0.0] [0 1 1.0 0.0] [0 1 1.0 0.0] [0 1 1.0 0.0] [0 1 1.0 0.0] [0 1 1.0 0.0] [0 1 1.0 0.0] [0 1 1.0 0.0] [0 1 1.0 0.0] [0 1 1.0 0.0] [0 1 1.0 0.0] [0 1 1.0 0.0] [0 1 1.0 0.0] [0 1 1.0 0.0] [0 1 1.0 0.0] [0 1 1.0 0.0] [0 1 1.0 0.0] [0 1 1.0 0.0] [0 1 1.0 0.0] [0 1 1.0 0.0] [0 1 1.0 0.0] [0 1 1.0 0.0] [0 1 1.0 0.0] [0 1 1.0 0.0] [0 1 1.0 0.0] [0 1 1.0 0.0] [0 1 1.0 0.0] [0 1 1.0 0.0] [0 1 1.0 0.0] [0 1 1.0 0.0] [0 1 1.0 0.0] [0 1 1.0 0.0] [0 1 1.0 0.0] [0 1 1.0 0.0] [0 1 1.0 0.0] [0 1 1.0 0.0] [0 1 1.0 0.0] [0 1 1.0 0.0] [0 1 1.0 0.0] [0 1 1.0 0.0] [0 1 1.0 0.0] [0 1 1.0 0.0] [0 1 1.0 0.0] [0 1 1.0 0.0] [0 1 1.0 0.0] [0 1 1.0 0.0] [0 1 1.0 0.0] [0 1 1.0 0.0] [0 1 1.0 0.0] [0 1 1.0 0.0] [0 1 1.0 0.0] [0 1 1.0 0.0] [0 1 1.0 0.0] [0 1 1.0 0.0] [0 1 1.0 0.0] [0 1 1.0 0.0] [0 1 1.0 0.0] [0 1 1.0 0.0] [0 1 1.0 0.0] [0 1 1.0 0.0] [0 1 1.0 0.0] [0 1 1.0 0.0] [0 1 1.0 0.0] [0 1 1.0 0.0] [0 1 1.0 0.0]
[0 1 1.0 0.0] [0 1 1.0 0.0] [0 1 1.0 0.0] [0 1 1.0 0.0] [0 1 1.0 0.0] [0 1 1.0 0.0] [0 1 1.0 0.0] [0 1 1.0 0.0] [0 1 1.0 0.0] [0 1 1.0 0.0] [0 1 1.0 0.0] [0 1 1.0 0.0] [0 1 1.0 0.0] [0 1 1.0 0.0] [0 1 1.0 0.0] [0 1 1.0 0.0] [0 1 1.0 0.0] [0 1 1.0 0.0] [0 1 1.0 0.0] [0 1 1.0 0.0] [0 1 1.0 0.0] [0 1 1.0 0.0] [0 1 1.0 0.0] [0 1 1.0 0.0] [0 1 1.0 0.0] [0 1 1.0 0.0] [0 1 1.0 0.0] [0 1 1.0 0.0] [0 1 1.0 0.0] [0 1 1.0 0.0] [0 1 1.0 0.0] [0 1 1.0 0.0] [0 1 1.0 0.0] [0 1 1.0 0.0] [0 1 1.0 0.0] [0 1 1.0 0.0] [0 1 1.0 0.0] [0 1 1.0 0.0] [0 1 1.0 0.0] [0 1 1.0 0.0] [0 1 1.0 0.0] [0 1 1.0 0.0] [0 1 1.0 0.0] [0 1 1.0 0.0] [0 1 1.0 0.0] [0 1 1.0 0.0] [0 1 1.0 0.0] [0 1 1.0 0.0] [0 1 1.0 0.0] [0 1 1.0 0.0] [0 1 1.0 0.0] [0 1 1.0 0.0] [0 1 1.0 0.0] [0 1 1.0 0.0] [0 1 1.0 0.0] [0 1 1.0 0.0] [0 1 1.0 0.0] [0 1 1.0 0.0] [0 1 1.0 0.0] [0 1 1.0 0.0] [0 1 1.0 0.0] [0 1 1.0 0.0] [0 1 1.0 0.0] [0 1 1.0 0.0] [0 1 1.0 0.0] [0 1 1.0 0.0] [0 1 1.0 0.0] [0 1 1.0 0.0] [0 1 1.0 0.0] [0 1 1.0 0.0] [0 1 1.0 0.0] [0 1 1.0 0.0] [0 1 1.0 0.0] [0 1 1.0 0.0] [0 1 1.0 0.0] [0 1 1.0 0.0] [0 1 1.0 0.0] [0 1 1.0 0.0] [0 1 1.0 0.0] [0 1 1.0 0.0] [0 1 1.0 0.0] [0 1 1.0 0.0] [0 1 1.0 0.0] [0 1 1.0 0.0] [0 1 1.0 0.0] [0 1 1.0 0.0] [0 1 1.0 0.0] [0 1 1.0 0.0] [0 1 1.0 0.0] [0 1 1.0 0.0] [0 1 1.0 0.0] [0 1 1.0 0.0] [0 1 1.0 0.0] [0 1 1.0 0.0] [0 1 1.0 0.0] [0 1 1.0 0.0] [0 1 1.0 0.0] [0 1 1.0 0.0] [0 1 1.0 0.0] [0 1 1.0 0.0] [0 1 1.0 0.0] [0 1 1.0 0.0] [0 1 1.0 0.0] [0 1 1.0 0.0] [0 1 1.0 0.0] [0 1 1.0 0.0] [0 1 1.0 0.0] [0 1 1.0 0.0] [0 1 1.0 0.0] [0 1 1.0 0.0] [0 1 1.0 0.0] [0 1 1.0 0.0] [0 1 1.0 0.0] [0 1 1.0 0.0] [0 1 1.0 0.0] [0 1 1.0 0.0] [0 1 1.0 0.0] [0 1 1.0 0.0] [0 1 1.0 0.0] [0 1 1.0 0.0] [0 1 1.0 0.0] [0 1 1.0 0.0] [0 1 1.0 0.0] [0 1 1.0 0.0] [0 1 1.0 0.0] [0 1 1.0 0.0] [0 1 1.0 0.0] [0 1 1.0 0.0] [0 1 1.0 0.0] [0 1 1.0 0.0] [0 1 1.0 0.0] [0 1 1.0 0.0] [0 1 1.0 0.0] [0 1 1.0 0.0] [0 1 1.0 0.0] [0 1 1.0 0.0] [0 1 1.0 0.0] [0 1 1.0 0.0] [0 1 1.0 0.0] [0 1 1.0 0.0] [0 1 1.0 0.0] [0 1 1.0 0.0] [0 1 1.0 0.0] [0 1 1.0 0.0] [0 1 1.0 0.0] [0 1 1.0 0.0] [0 1 1.0 0.0] [0 1 1.0 0.0] [0 1 1.0 0.0] [0 1 1.0 0.0] [0 1 1.0 0.0] [0 1 1.0 0.0] [0 1 1.0 0.0] [0 1 1.0 0.0] [0 1 1.0 0.0] [0 1 1.0 0.0] [0 1 1.0 0.0] [0 1 1.0 0.0] [0 1 1.0 0.0] [0 1 1.0 0.0]
[0 1 1.0 0.0] [0 1 1.0 0.0] [0 1 1.0 0.0] [0 1 1.0 0.0] [0 1 1.0 0.0] [0 1 1.0 0.0] [0 1 1.0 0.0] [0 1 1.0 0.0] [0 1 1.0 0.0] [0 1 1.0 0.0] [0 1 1.0 0.0] [0 1 1.0 0.0] [0 1 1.0 0.0] [0 1 1.0 0.0] [0 1 1.0 0.0] [0 1 1.0 0.0] [0 1 1.0 0.0] [0 1 1.0 0.0] [0 1 1.0 0.0] [0 1 1.0 0.0] [0 1 1.0 0.0] [0 1 1.0 0.0] [0 1 1.0 0.0] [0 1 1.0 0.0] [0 1 1.0 0.0] [0 1 1.0 0.0] [0 1 1.0 0.0] [0 1 1.0 0.0] [0 1 1.0 0.0] [0 1 1.0 0.0] [0 1 1.0 0.0] [0 1 1.0 0.0] [0 1 1.0 0.0] [0 1 1.0 0.0] [0 1 1.0 0.0] [0 1 1.0 0.0] [0 1 1.0 0.0] [0 1 1.0 0.0] [0 1 1.0 0.0] [0 1 1.0 0.0] [0 1 1.0 0.0] [0 1 1.0 0.0] [0 1 1.0 0.0] [0 1 1.0 0.0] [0 1 1.0 0.0] [0 1 1.0 0.0] [0 1 1.0 0.0] [0 1 1.0 0.0] [0 1 1.0 0.0] [0 1 1.0 0.0] [0 1 1.0 0.0] [0 1 1.0 0.0] [0 1 1.0 0.0] [0 1 1.0 0.0] [0 1 1.0 0.0] [0 1 1.0 0.0] [0 1 1.0 0.0] [0 1 1.0 0.0] [0 1 1.0 0.0] [0 1 1.0 0.0] [0 1 1.0 0.0] [0 1 1.0 0.0] [0 1 1.0 0.0] [0 1 1.0 0.0] [0 1 1.0 0.0] [0 1 1.0 0.0] [0 1 1.0 0.0] [0 1 1.0 0.0] [0 1 1.0 0.0] [0 1 1.0 0.0] [0 1 1.0 0.0] [0 1 1.0 0.0] [0 1 1.0 0.0] [0 1 1.0 0.0] [0 1 1.0 0.0] [0 1 1.0 0.0] [0 1 1.0 0.0] [0 1 1.0 0.0] [0 1 1.0 0.0] [0 1 1.0 0.0] [0 1 1.0 0.0] [0 1 1.0 0.0] [0 1 1.0 0.0] [0 1 1.0 0.0] [0 1 1.0 0.0] [0 1 1.0 0.0] [0 1 1.0 0.0] [0 1 1.0 0.0] [0 1 1.0 0.0] [0 1 1.0 0.0] [0 1 1.0 0.0] [0 1 1.0 0.0] [0 1 1.0 0.0] [0 1 1.0 0.0] [0 1 1.0 0.0] [0 1 1.0 0.0] [0 1 1.0 0.0] [0 1 1.0 0.0] [0 1 1.0 0.0] [0 1 1.0 0.0] [0 1 1.0 0.0] [0 1 1.0 0.0] [0 1 1.0 0.0] [0 1 1.0 0.0] [0 1 1.0 0.0] [0 1 1.0 0.0] [0 1 1.0 0.0] [0 1 1.0 0.0] [0 1 1.0 0.0] [0 1 1.0 0.0] [0 1 1.0 0.0] [0 1 1.0 0.0] [0 1 1.0 0.0] [0 1 1.0 0.0] [0 1 1.0 0.0] [0 1 1.0 0.0] [0 1 1.0 0.0] [0 1 1.0 0.0] [0 1 1.0 0.0] [0 1 1.0 0.0] [0 1 1.0 0.0] [0 1 1.0 0.0] [0 1 1.0 0.0] [0 1 1.0 0.0] [0 1 1.0 0.0] [0 1 1.0 0.0] [0 1 1.0 0.0] [0 1 1.0 0.0] [0 1 1.0 0.0] [0 1 1.0 0.0] [0 1 1.0 0.0] [0 1 1.0 0.0] [0 1 1.0 0.0] [0 1 1.0 0.0] [0 1 1.0 0.0] [0 1 1.0 0.0] [0 1 1.0 0.0] [0 1 1.0 0.0] [0 1 1.0 0.0] [0 1 1.0 0.0] [0 1 1.0 0.0] [0 1 1.0 0.0] [0 1 1.0 0.0] [0 1 1.0 0.0] [0 1 1.0 0.0] [0 1 1.0 0.0] [0 1 1.0 0.0] [0 1 1.0 0.0] [0 1 1.0 0.0] [0 1 1.0 0.0] [0 1 1.0 0.0] [0 1 1.0 0.0] [0 1 1.0 0.0] [0 1 1.0 0.0] [0 1 1.0 0.0] [0 1 1.0 0.0] [0 1 1.0 0.0] [0 1 1.0 0.0] [0 1 1.0 0.0] [0 1 1.0 0.0]
[0 1 1.0 0.0] [0 1 1.0 0.0] [0 1 1.0 0.0] [0 1 1.0 0.0] [0 1 1.0 0.0] [0 1 1.0 0.0] [0 1 1.0 0.0] [0 1 1.0 0.0] [0 1 1.0 0.0] [0 1 1.0 0.0] [0 1 1.0 0.0] [0 1 1.0 0.0] [0 1 1.0 0.0] [0 1 1.0 0.0] [0 1 1.0 0.0] [0 1 1.0 0.0] [0 1 1.0 0.0] [0 1 1.0 0.0] [0 1 1.0 0.0] [0 1 1.0 0.0] [0 1 1.0 0.0] [0 1 1.0 0.0] [0 1 1.0 0.0] [0 1 1.0 0.0] [0 1 1.0 0.0] [0 1 1.0 0.0] [0 1 1.0 0.0] [0 1 1.0 0.0] [0 1 1.0 0.0] [0 1 1.0 0.0] [0 1 1.0 0.0] [0 1 1.0 0.0] [0 1 1.0 0.0] [0 1 1.0 0.0] [0 1 1.0 0.0] [0 1 1.0 0.0] [0 1 1.0 0.0] [0 1 1.0 0.0] [0 1 1.0 0.0] [0 1 1.0 0.0] [0 1 1.0 0.0] [0 1 1.0 0.0] [0 1 1.0 0.0] [0 1 1.0 0.0] [0 1 1.0 0.0] [0 1 1.0 0.0] [0 1 1.0 0.0] [0 1 1.0 0.0] [0 1 1.0 0.0] [0 1 1.0 0.0] [0 1 1.0 0.0] [0 1 1.0 0.0] [0 1 1.0 0.0] [0 1 1.0 0.0] [0 1 1.0 0.0] [0 1 1.0 0.0] [0 1 1.0 0.0] [0 1 1.0 0.0] [0 1 1.0 0.0] [0 1 1.0 0.0] [0 1 1.0 0.0] [0 1 1.0 0.0] [0 1 1.0 0.0] [0 1 1.0 0.0] [0 1 1.0 0.0] [0 1 1.0 0.0] [0 1 1.0 0.0] [0 1 1.0 0.0] [0 1 1.0 0.0] [0 1 1.0 0.0] [0 1 1.0 0.0] [0 1 1.0 0.0] [0 1 1.0 0.0] [0 1 1.0 0.0] [0 1 1.0 0.0] [0 1 1.0 0.0] [0 1 1.0 0.0] [0 1 1.0 0.0] [0 1 1.0 0.0] [0 1 1.0 0.0] [0 1 1.0 0.0] [0 1 1.0 0.0] [0 1 1.0 0.0] [0 1 1.0 0.0] [0 1 1.0 0.0] [0 1 1.0 0.0] [0 1 1.0 0.0] [0 1 1.0 0.0] [0 1 1.0 0.0] [0 1 1.0 0.0] [0 1 1.0 0.0] [0 1 1.0 0.0] [0 1 1.0 0.0] [0 1 1.0 0.0] [0 1 1.0 0.0] [0 1 1.0 0.0] [0 1 1.0 0.0] [0 1 1.0 0.0] [0 1 1.0 0.0] [0 1 1.0 0.0] [0 1 1.0 0.0] [0 1 1.0 0.0] [0 1 1.0 0.0] [0 1 1.0 0.0] [0 1 1.0 0.0] [0 1 1.0 0.0] [0 1 1.0 0.0] [0 1 1.0 0.0] [0 1 1.0 0.0] [0 1 1.0 0.0] [0 1 1.0 0.0] [0 1 1.0 0.0] [0 1 1.0 0.0] [0 1 1.0 0.0] [0 1 1.0 0.0] [0 1 1.0 0.0] [0 1 1.0 0.0] [0 1 1.0 0.0] [0 1 1.0 0.0] [0 1 1.0 0.0] [0 1 1.0 0.0] [0 1 1.0 0.0] [0 1 1.0 0.0] [0 1 1.0 0.0] [0 1 1.0 0.0] [0 1 1.0 0.0] [0 1 1.0 0.0] [0 1 1.0 0.0] [0 1 1.0 0.0] [0 1 1.0 0.0] [0 1 1.0 0.0] [0 1 1.0 0.0] [0 1 1.0 0.0] [0 1 1.0 0.0] [0 1 1.0 0.0] [0 1 1.0 0.0] [0 1 1.0 0.0] [0 1 1.0 0.0] [0 1 1.0 0.0] [0 1 1.0 0.0] [0 1 1.0 0.0] [0 1 1.0 0.0] [0 1 1.0 0.0] [0 1 1.0 0.0] [0 1 1.0 0.0] [0 1 1.0 0.0] [0 1 1.0 0.0] [0 1 1.0 0.0] [0 1 1.0 0.0] [0 1 1.0 0.0] [0 1 1.0 0.0] [0 1 1.0 0.0] [0 1 1.0 0.0] [0 1 1.0 0.0] [0 1 1.0 0.0] [0 1 1.0 0.0] [0 1 1.0 0.0] [0 1 1.0 0.0] [0 1 1.0 0.0] [0 1 1.0 0.0]
[0 1 1.0 0.0] [0 1 1.0 0.0] [0 1 1.0 0.0] [0 1 1.0 0.0] [0 1 1.0 0.0] [0 1 1.0 0.0] [0 1 1.0 0.0] [0 1 1.0 0.0] [0 1 1.0 0.0] [0 1 1.0 0.0] [0 1 1.0 0.0] [0 1 1.0 0.0] [0 1 1.0 0.0] [0 1 1.0 0.0] [0 1 1.0 0.0] [0 1 1.0 0.0] [0 1 1.0 0.0] [0 1 1.0 0.0] [0 1 1.0 0.0] [0 1 1.0 0.0] [0 1 1.0 0.0] [0 1 1.0 0.0] [0 1 1.0 0.0] [0 1 1.0 0.0] [0 1 1.0 0.0] [0 1 1.0 0.0] [0 1 1.0 0.0] [0 1 1.0 0.0] [0 1 1.0 0.0] [0 1 1.0 0.0] [0 1 1.0 0.0] [0 1 1.0 0.0] [0 1 1.0 0.0] [0 1 1.0 0.0] [0 1 1.0 0.0] [0 1 1.0 0.0] [0 1 1.0 0.0] [0 1 1.0 0.0] [0 1 1.0 0.0] [0 1 1.0 0.0] [0 1 1.0 0.0] [0 1 1.0 0.0] [0 1 1.0 0.0] [0 1 1.0 0.0] [0 1 1.0 0.0] [0 1 1.0 0.0] [0 1 1.0 0.0] [0 1 1.0 0.0] [0 1 1.0 0.0] [0 1 1.0 0.0] [0 1 1.0 0.0] [0 1 1.0 0.0] [0 1 1.0 0.0] [0 1 1.0 0.0] [0 1 1.0 0.0] [0 1 1.0 0.0] [0 1 1.0 0.0] [0 1 1.0 0.0] [0 1 1.0 0.0] [0 1 1.0 0.0] [0 1 1.0 0.0] [0 1 1.0 0.0] [0 1 1.0 0.0] [0 1 1.0 0.0] [0 1 1.0 0.0] [0 1 1.0 0.0] [0 1 1.0 0.0] [0 1 1.0 0.0] [0 1 1.0 0.0] [0 1 1.0 0.0] [0 1 1.0 0.0] [0 1 1.0 0.0] [0 1 1.0 0.0] [0 1 1.0 0.0] [0 1 1.0 0.0] [0 1 1.0 0.0] [0 1 1.0 0.0] [0 1 1.0 0.0] [0 1 1.0 0.0] [0 1 1.0 0.0] [0 1 1.0 0.0] [0 1 1.0 0.0] [0 1 1.0 0.0] [0 1 1.0 0.0] [0 1 1.0 0.0] [0 1 1.0 0.0] [0 1 1.0 0.0] [0 1 1.0 0.0] [0 1 1.0 0.0] [0 1 1.0 0.0] [0 1 1.0 0.0] [0 1 1.0 0.0] [0 1 1.0 0.0] [0 1 1.0 0.0] [0 1 1.0 0.0] [0 1 1.0 0.0] [0 1 1.0 0.0] [0 1 1.0 0.0] [0 1 1.0 0.0] [0 1 1.0 0.0] [0 1 1.0 0.0] [0 1 1.0 0.0] [0 1 1.0 0.0] [0 1 1.0 0.0] [0 1 1.0 0.0] [0 1 1.0 0.0] [0 1 1.0 0.0] [0 1 1.0 0.0] [0 1 1.0 0.0] [0 1 1.0 0.0] [0 1 1.0 0.0] [0 1 1.0 0.0] [0 1 1.0 0.0] [0 1 1.0 0.0] [0 1 1.0 0.0] [0 1 1.0 0.0] [0 1 1.0 0.0] [0 1 1.0 0.0] [0 1 1.0 0.0] [0 1 1.0 0.0] [0 1 1.0 0.0] [0 1 1.0 0.0] [0 1 1.0 0.0] [0 1 1.0 0.0] [0 1 1.0 0.0] [0 1 1.0 0.0] [0 1 1.0 0.0] [0 1 1.0 0.0] [0 1 1.0 0.0] [0 1 1.0 0.0] [0 1 1.0 0.0] [0 1 1.0 0.0] [0 1 1.0 0.0] [0 1 1.0 0.0] [0 1 1.0 0.0] [0 1 1.0 0.0] [0 1 1.0 0.0] [0 1 1.0 0.0] [0 1 1.0 0.0] [0 1 1.0 0.0] [0 1 1.0 0.0] [0 1 1.0 0.0] [0 1 1.0 0.0] [0 1 1.0 0.0] [0 1 1.0 0.0] [0 1 1.0 0.0] [0 1 1.0 0.0] [0 1 1.0 0.0] [0 1 1.0 0.0] [0 1 1.0 0.0] [0 1 1.0 0.0] [0 1 1.0 0.0] [0 1 1.0 0.0] [0 1 1.0 0.0] [0 1 1.0 0.0] [0 1 1.0 0.0] [0 1 1.0 0.0] [0 1 1.0 0.0] [0 1 1.0 0.0] [0 1 1.0 0.0]
[0 1 1.0 0.0] [0 1 1.0 0.0] [0 1 1.0 0.0] [0 1 1.0 0.0] [0 1 1.0 0.0] [0 1 1.0 0.0] [0 1 1.0 0.0] [0 1 1.0 0.0] [0 1 1.0 0.0] [0 1 1.0 0.0] [0 1 1.0 0.0] [0 1 1.0 0.0] [0 1 1.0 0.0] [0 1 1.0 0.0] [0 1 1.0 0.0] [0 1 1.0 0.0] [0 1 1.0 0.0] [0 1 1.0 0.0] [0 1 1.0 0.0] [0 1 1.0 0.0] [0 1 1.0 0.0] [0 1 1.0 0.0] [0 1 1.0 0.0] [0 1 1.0 0.0] [0 1 1.0 0.0] [0 1 1.0 0.0] [0 1 1.0 0.0] [0 1 1.0 0.0] [0 1 1.0 0.0] [0 1 1.0 0.0] [0 1 1.0 0.0] [0 1 1.0 0.0] [0 1 1.0 0.0] [0 1 1.0 0.0] [0 1 1.0 0.0] [0 1 1.0 0.0] [0 1 1.0 0.0] [0 1 1.0 0.0] [0 1 1.0 0.0] [0 1 1.0 0.0] [0 1 1.0 0.0] [0 1 1.0 0.0] [0 1 1.0 0.0] [0 1 1.0 0.0] [0 1 1.0 0.0] [0 1 1.0 0.0] [0 1 1.0 0.0] [0 1 1.0 0.0] [0 1 1.0 0.0] [0 1 1.0 0.0] [0 1 1.0 0.0] [0 1 1.0 0.0] [0 1 1.0 0.0] [0 1 1.0 0.0] [0 1 1.0 0.0] [0 1 1.0 0.0] [0 1 1.0 0.0] [0 1 1.0 0.0] [0 1 1.0 0.0] [0 1 1.0 0.0] [0 1 1.0 0.0] [0 1 1.0 0.0] [0 1 1.0 0.0] [0 1 1.0 0.0] [0 1 1.0 0.0] [0 1 1.0 0.0] [0 1 1.0 0.0] [0 1 1.0 0.0] [0 1 1.0 0.0] [0 1 1.0 0.0] [0 1 1.0 0.0] [0 1 1.0 0.0] [0 1 1.0 0.0] [0 1 1.0 0.0] [0 1 1.0 0.0] [0 1 1.0 0.0] [0 1 1.0 0.0] [0 1 1.0 0.0] [0 1 1.0 0.0] [0 1 1.0 0.0] [0 1 1.0 0.0] [0 1 1.0 0.0] [0 1 1.0 0.0] [0 1 1.0 0.0] [0 1 1.0 0.0] [0 1 1.0 0.0] [0 1 1.0 0.0] [0 1 1.0 0.0] [0 1 1.0 0.0] [0 1 1.0 0.0] [0 1 1.0 0.0] [0 1 1.0 0.0] [0 1 1.0 0.0] [0 1 1.0 0.0] [0 1 1.0 0.0] [0 1 1.0 0.0] [0 1 1.0 0.0] [0 1 1.0 0.0] [0 1 1.0 0.0] [0 1 1.0 0.0] [0 1 1.0 0.0] [0 1 1.0 0.0] [0 1 1.0 0.0] [0 1 1.0 0.0] [0 1 1.0 0.0] [0 1 1.0 0.0] [0 1 1.0 0.0] [0 1 1.0 0.0] [0 1 1.0 0.0] [0 1 1.0 0.0] [0 1 1.0 0.0] [0 1 1.0 0.0] [0 1 1.0 0.0] [0 1 1.0 0.0] [0 1 1.0 0.0] [0 1 1.0 0.0] [0 1 1.0 0.0] [0 1 1.0 0.0] [0 1 1.0 0.0] [0 1 1.0 0.0] [0 1 1.0 0.0] [0 1 1.0 0.0] [0 1 1.0 0.0] [0 1 1.0 0.0] [0 1 1.0 0.0] [0 1 1.0 0.0] [0 1 1.0 0.0] [0 1 1.0 0.0] [0 1 1.0 0.0] [0 1 1.0 0.0] [0 1 1.0 0.0] [0 1 1.0 0.0] [0 1 1.0 0.0] [0 1 1.0 0.0] [0 1 1.0 0.0] [0 1 1.0 0.0] [0 1 1.0 0.0] [0 1 1.0 0.0] [0 1 1.0 0.0] [0 1 1.0 0.0] [0 1 1.0 0.0] [0 1 1.0 0.0] [0 1 1.0 0.0] [0 1 1.0 0.0] [0 1 1.0 0.0] [0 1 1.0 0.0] [0 1 1.0 0.0] [0 1 1.0 0.0] [0 1 1.0 0.0] [0 1 1.0 0.0] [0 1 1.0 0.0] [0 1 1.0 0.0] [0 1 1.0 0.0] [0 1 1.0 0.0] [0 1 1.0 0.0] [0 1 1.0 0.0] [0 1 1.0 0.0] [0 1 1.0 0.0] [0 1 1.0 0.0] [0 1 1.0 0.0]
[0 1 1.0 0.0] [0 1 1.0 0.0] [0 1 1.0 0.0] [0 1 1.0 0.0] [0 1 1.0 0.0] [0 1 1.0 0.0] [0 1 1.0 0.0] [0 1 1.0 0.0] [0 1 1.0 0.0] [0 1 1.0 0.0] [0 1 1.0 0.0] [0 1 1.0 0.0] [0 1 1.0 0.0] [0 1 1.0 0.0] [0 1 1.0 0.0] [0 1 1.0 0.0] [0 1 1.0 0.0] [0 1 1.0 0.0] [0 1 1.0 0.0] [0 1 1.0 0.0] [0 1 1.0 0.0] [0 1 1.0 0.0] [0 1 1.0 0.0] [0 1 1.0 0.0] [0 1 1.0 0.0] [0 1 1.0 0.0] [0 1 1.0 0.0] [0 1 1.0 0.0] [0 1 1.0 0.0] [0 1 1.0 0.0] [0 1 1.0 0.0] [0 1 1.0 0.0] [0 1 1.0 0.0] [0 1 1.0 0.0] [0 1 1.0 0.0] [0 1 1.0 0.0] [0 1 1.0 0.0] [0 1 1.0 0.0] [0 1 1.0 0.0] [0 1 1.0 0.0] [0 1 1.0 0.0] [0 1 1.0 0.0] [0 1 1.0 0.0] [0 1 1.0 0.0] [0 1 1.0 0.0] [0 1 1.0 0.0] [0 1 1.0 0.0] [0 1 1.0 0.0] [0 1 1.0 0.0] [0 1 1.0 0.0] [0 1 1.0 0.0] [0 1 1.0 0.0] [0 1 1.0 0.0] [0 1 1.0 0.0] [0 1 1.0 0.0] [0 1 1.0 0.0] [0 1 1.0 0.0] [0 1 1.0 0.0] [0 1 1.0 0.0] [0 1 1.0 0.0] [0 1 1.0 0.0] [0 1 1.0 0.0] [0 1 1.0 0.0] [0 1 1.0 0.0] [0 1 1.0 0.0] [0 1 1.0 0.0] [0 1 1.0 0.0] [0 1 1.0 0.0] [0 1 1.0 0.0] [0 1 1.0 0.0] [0 1 1.0 0.0] [0 1 1.0 0.0] [0 1 1.0 0.0] [0 1 1.0 0.0] [0 1 1.0 0.0] [0 1 1.0 0.0] [0 1 1.0 0.0] [0 1 1.0 0.0] [0 1 1.0 0.0] [0 1 1.0 0.0] [0 1 1.0 0.0] [0 1 1.0 0.0] [0 1 1.0 0.0] [0 1 1.0 0.0] [0 1 1.0 0.0] [0 1 1.0 0.0] [0 1 1.0 0.0] [0 1 1.0 0.0] [0 1 1.0 0.0] [0 1 1.0 0.0] [0 1 1.0 0.0] [0 1 1.0 0.0] [0 1 1.0 0.0] [0 1 1.0 0.0] [0 1 1.0 0.0] [0 1 1.0 0.0] [0 1 1.0 0.0] [0 1 1.0 0.0] [0 1 1.0 0.0] [0 1 1.0 0.0] [0 1 1.0 0.0] [0 1 1.0 0.0] [0 1 1.0 0.0] [0 1 1.0 0.0] [0 1 1.0 0.0] [0 1 1.0 0.0] [0 1 1.0 0.0] [0 1 1.0 0.0] [0 1 1.0 0.0] [0 1 1.0 0.0] [0 1 1.0 0.0] [0 1 1.0 0.0] [0 1 1.0 0.0] [0 1 1.0 0.0] [0 1 1.0 0.0] [0 1 1.0 0.0] [0 1 1.0 0.0] [0 1 1.0 0.0] [0 1 1.0 0.0] [0 1 1.0 0.0] [0 1 1.0 0.0] [0 1 1.0 0.0] [0 1 1.0 0.0] [0 1 1.0 0.0] [0 1 1.0 0.0] [0 1 1.0 0.0] [0 1 1.0 0.0] [0 1 1.0 0.0] [0 1 1.0 0.0] [0 1 1.0 0.0] [0 1 1.0 0.0] [0 1 1.0 0.0] [0 1 1.0 0.0] [0 1 1.0 0.0] [0 1 1.0 0.0] [0 1 1.0 0.0] [0 1 1.0 0.0] [0 1 1.0 0.0] [0 1 1.0 0.0] [0 1 1.0 0.0] [0 1 1.0 0.0] [0 1 1.0 0.0] [0 1 1.0 0.0] [0 1 1.0 0.0] [0 1 1.0 0.0] [0 1 1.0 0.0] [0 1 1.0 0.0] [0 1 1.0 0.0] [0 1 1.0 0.0] [0 1 1.0 0.0] [0 1 1.0 0.0] [0 1 1.0 0.0] [0 1 1.0 0.0] [0 1 1.0 0.0] [0 1 1.0 0.0] [0 1 1.0 0.0] [0 1 1.0 0.0] [0 1 1.0 0.0] [0 1 1.0 0.0] [0 1 1.0 0.0]
[0 1 1.0 0.0] [0 1 1.0 0.0] [0 1 1.0 0.0] [0 1 1.0 0.0] [0 1 1.0 0.0] [0 1 1.0 0.0] [0 1 1.0 0.0] [0 1 1.0 0.0] [0 1 1.0 0.0] [0 1 1.0 0.0] [0 1 1.0 0.0] [0 1 1.0 0.0] [0 1 1.0 0.0] [0 1 1.0 0.0] [0 1 1.0 0.0] [0 1 1.0 0.0] [0 1 1.0 0.0] [0 1 1.0 0.0] [0 1 1.0 0.0] [0 1 1.0 0.0] [0 1 1.0 0.0] [0 1 1.0 0.0] [0 1 1.0 0.0] [0 1 1.0 0.0] [0 1 1.0 0.0] [0 1 1.0 0.0] [0 1 1.0 0.0] [0 1 1.0 0.0] [0 1 1.0 0.0] [0 1 1.0 0.0] [0 1 1.0 0.0] [0 1 1.0 0.0] [0 1 1.0 0.0] [0 1 1.0 0.0] [0 1 1.0 0.0] [0 1 1.0 0.0] [0 1 1.0 0.0] [0 1 1.0 0.0] [0 1 1.0 0.0] [0 1 1.0 0.0] [0 1 1.0 0.0] [0 1 1.0 0.0] [0 1 1.0 0.0] [0 1 1.0 0.0] [0 1 1.0 0.0] [0 1 1.0 0.0] [0 1 1.0 0.0] [0 1 1.0 0.0] [0 1 1.0 0.0] [0 1 1.0 0.0] [0 1 1.0 0.0] [0 1 1.0 0.0] [0 1 1.0 0.0] [0 1 1.0 0.0] [0 1 1.0 0.0] [0 1 1.0 0.0] [0 1 1.0 0.0] [0 1 1.0 0.0] [0 1 1.0 0.0] [0 1 1.0 0.0] [0 1 1.0 0.0] [0 1 1.0 0.0] [0 1 1.0 0.0] [0 1 1.0 0.0] [0 1 1.0 0.0] [0 1 1.0 0.0] [0 1 1.0 0.0] [0 1 1.0 0.0] [0 1 1.0 0.0] [0 1 1.0 0.0] [0 1 1.0 0.0] [0 1 1.0 0.0] [0 1 1.0 0.0] [0 1 1.0 0.0] [0 1 1.0 0.0] [0 1 1.0 0.0] [0 1 1.0 0.0] [0 1 1.0 0.0] [0 1 1.0 0.0] [0 1 1.0 0.0] [0 1 1.0 0.0] [0 1 1.0 0.0] [0 1 1.0 0.0] [0 1 1.0 0.0] [0 1 1.0 0.0] [0 1 1.0 0.0] [0 1 1.0 0.0] [0 1 1.0 0.0] [0 1 1.0 0.0] [0 1 1.0 0.0] [0 1 1.0 0.0] [0 1 1.0 0.0] [0 1 1.0 0.0] [0 1 1.0 0.0] [0 1 1.0 0.0] [0 1 1.0 0.0] [0 1 1.0 0.0] [0 1 1.0 0.0] [0 1 1.0 0.0] [0 1 1.0 0.0] [0 1 1.0 0.0] [0 1 1.0 0.0] [0 1 1.0 0.0] [0 1 1.0 0.0] [0 1 1.0 0.0] [0 1 1.0 0.0] [0 1 1.0 0.0] [0 1 1.0 0.0] [0 1 1.0 0.0] [0 1 1.0 0.0] [0 1 1.0 0.0] [0 1 1.0 0.0] [0 1 1.0 0.0] [0 1 1.0 0.0] [0 1 1.0 0.0] [0 1 1.0 0.0] [0 1 1.0 0.0] [0 1 1.0 0.0] [0 1 1.0 0.0] [0 1 1.0 0.0] [0 1 1.0 0.0] [0 1 1.0 0.0] [0 1 1.0 0.0] [0 1 1.0 0.0] [0 1 1.0 0.0] [0 1 1.0 0.0] [0 1 1.0 0.0] [0 1 1.0 0.0] [0 1 1.0 0.0] [0 1 1.0 0.0] [0 1 1.0 0.0] [0 1 1.0 0.0] [0 1 1.0 0.0] [0 1 1.0 0.0] [0 1 1.0 0.0] [0 1 1.0 0.0] [0 1 1.0 0.0] [0 1 1.0 0.0] [0 1 1.0 0.0] [0 1 1.0 0.0] [0 1 1.0 0.0] [0 1 1.0 0.0] [0 1 1.0 0.0] [0 1 1.0 0.0] [0 1 1.0 0.0] [0 1 1.0 0.0] [0 1 1.0 0.0] [0 1 1.0 0.0] [0 1 1.0 0.0] [0 1 1.0 0.0] [0 1 1.0 0.0] [0 1 1.0 0.0] [0 1 1.0 0.0] [0 1 1.0 0.0] [0 1 1.0 0.0] [0 1 1.0 0.0] [0 1 1.0 0.0] [0 1 1.0 0.0] [0 1 1.0 0.0] [0 1 1.0 0.0]
[0 1 1.0 0.0] [0 1 1.0 0.0] [0 1 1.0 0.0] [0 1 1.0 0.0] [0 1 1.0 0.0] [0 1 1.0 0.0] [0 1 1.0 0.0] [0 1 1.0 0.0] [0 1 1.0 0.0] [0 1 1.0 0.0] [0 1 1.0 0.0] [0 1 1.0 0.0] [0 1 1.0 0.0] [0 1 1.0 0.0] [0 1 1.0 0.0] [0 1 1.0 0.0] [0 1 1.0 0.0] [0 1 1.0 0.0] [0 1 1.0 0.0] [0 1 1.0 0.0] [0 1 1.0 0.0] [0 1 1.0 0.0] [0 1 1.0 0.0] [0 1 1.0 0.0] [0 1 1.0 0.0] [0 1 1.0 0.0] [0 1 1.0 0.0] [0 1 1.0 0.0] [0 1 1.0 0.0] [0 1 1.0 0.0] [0 1 1.0 0.0] [0 1 1.0 0.0] [0 1 1.0 0.0] [0 1 1.0 0.0] [0 1 1.0 0.0] [0 1 1.0 0.0] [0 1 1.0 0.0] [0 1 1.0 0.0] [0 1 1.0 0.0] [0 1 1.0 0.0] [0 1 1.0 0.0] [0 1 1.0 0.0] [0 1 1.0 0.0] [0 1 1.0 0.0] [0 1 1.0 0.0] [0 1 1.0 0.0] [0 1 1.0 0.0] [0 1 1.0 0.0] [0 1 1.0 0.0] [0 1 1.0 0.0] [0 1 1.0 0.0] [0 1 1.0 0.0] [0 1 1.0 0.0] [0 1 1.0 0.0] [0 1 1.0 0.0] [0 1 1.0 0.0] [0 1 1.0 0.0] [0 1 1.0 0.0] [0 1 1.0 0.0] [0 1 1.0 0.0] [0 1 1.0 0.0] [0 1 1.0 0.0] [0 1 1.0 0.0] [0 1 1.0 0.0] [0 1 1.0 0.0] [0 1 1.0 0.0] [0 1 1.0 0.0] [0 1 1.0 0.0] [0 1 1.0 0.0] [0 1 1.0 0.0] [0 1 1.0 0.0] [0 1 1.0 0.0] [0 1 1.0 0.0] [0 1 1.0 0.0] [0 1 1.0 0.0] [0 1 1.0 0.0] [0 1 1.0 0.0] [0 1 1.0 0.0] [0 1 1.0 0.0] [0 1 1.0 0.0] [0 1 1.0 0.0] [0 1 1.0 0.0] [0 1 1.0 0.0] [0 1 1.0 0.0] [0 1 1.0 0.0] [0 1 1.0 0.0] [0 1 1.0 0.0] [0 1 1.0 0.0] [0 1 1.0 0.0] [0 1 1.0 0.0] [0 1 1.0 0.0] [0 1 1.0 0.0] [0 1 1.0 0.0] [0 1 1.0 0.0] [0 1 1.0 0.0] [0 1 1.0 0.0] [0 1 1.0 0.0] [0 1 1.0 0.0] [0 1 1.0 0.0] [0 1 1.0 0.0] [0 1 1.0 0.0] [0 1 1.0 0.0] [0 1 1.0 0.0] [0 1 1.0 0.0] [0 1 1.0 0.0] [0 1 1.0 0.0] [0 1 1.0 0.0] [0 1 1.0 0.0] [0 1 1.0 0.0] [0 1 1.0 0.0] [0 1 1.0 0.0] [0 1 1.0 0.0] [0 1 1.0 0.0] [0 1 1.0 0.0] [0 1 1.0 0.0] [0 1 1.0 0.0] [0 1 1.0 0.0] [0 1 1.0 0.0] [0 1 1.0 0.0] [0 1 1.0 0.0] [0 1 1.0 0.0] [0 1 1.0 0.0] [0 1 1.0 0.0] [0 1 1.0 0.0] [0 1 1.0 0.0] [0 1 1.0 0.0] [0 1 1.0 0.0] [0 1 1.0 0.0] [0 1 1.0 0.0] [0 1 1.0 0.0] [0 1 1.0 0.0] [0 1 1.0 0.0] [0 1 1.0 0.0] [0 1 1.0 0.0] [0 1 1.0 0.0] [0 1 1.0 0.0] [0 1 1.0 0.0] [0 1 1.0 0.0] [0 1 1.0 0.0] [0 1 1.0 0.0] [0 1 1.0 0.0] [0 1 1.0 0.0] [0 1 1.0 0.0] [0 1 1.0 0.0] [0 1 1.0 0.0] [0 1 1.0 0.0] [0 1 1.0 0.0] [0 1 1.0 0.0] [0 1 1.0 0.0] [0 1 1.0 0.0] [0 1 1.0 0.0] [0 1 1.0 0.0] [0 1 1.0 0.0] [0 1 1.0 0.0] [0 1 1.0 0.0] [0 1 1.0 0.0] [0 1 1.0 0.0] [0 1 1.0 0.0] [0 1 1.0 0.0] [0 1 1.0 0.0]
[0 1 1.0 0.0] [0 1 1.0 0.0] [0 1 1.0 0.0] [0 1 1.0 0.0] [0 1 1.0 0.0] [0 1 1.0 0.0] [0 1 1.0 0.0] [0 1 1.0 0.0] [0 1 1.0 0.0] [0 1 1.0 0.0] [0 1 1.0 0.0] [0 1 1.0 0.0] [0 1 1.0 0.0] [0 1 1.0 0.0] [0 1 1.0 0.0] [0 1 1.0 0.0] [0 1 1.0 0.0] [0 1 1.0 0.0] [0 1 1.0 0.0] [0 1 1.0 0.0] [0 1 1.0 0.0] [0 1 1.0 0.0] [0 1 1.0 0.0] [0 1 1.0 0.0] [0 1 1.0 0.0] [0 1 1.0 0.0] [0 1 1.0 0.0] [0 1 1.0 0.0] [0 1 1.0 0.0] [0 1 1.0 0.0] [0 1 1.0 0.0] [0 1 1.0 0.0] [0 1 1.0 0.0] [0 1 1.0 0.0] [0 1 1.0 0.0] [0 1 1.0 0.0] [0 1 1.0 0.0] [0 1 1.0 0.0] [0 1 1.0 0.0] [0 1 1.0 0.0] [0 1 1.0 0.0] [0 1 1.0 0.0] [0 1 1.0 0.0] [0 1 1.0 0.0] [0 1 1.0 0.0] [0 1 1.0 0.0] [0 1 1.0 0.0] [0 1 1.0 0.0] [0 1 1.0 0.0] [0 1 1.0 0.0] [0 1 1.0 0.0] [0 1 1.0 0.0] [0 1 1.0 0.0] [0 1 1.0 0.0] [0 1 1.0 0.0] [0 1 1.0 0.0] [0 1 1.0 0.0] [0 1 1.0 0.0] [0 1 1.0 0.0] [0 1 1.0 0.0] [0 1 1.0 0.0] [0 1 1.0 0.0] [0 1 1.0 0.0] [0 1 1.0 0.0] [0 1 1.0 0.0] [0 1 1.0 0.0] [0 1 1.0 0.0] [0 1 1.0 0.0] [0 1 1.0 0.0] [0 1 1.0 0.0] [0 1 1.0 0.0] [0 1 1.0 0.0] [0 1 1.0 0.0] [0 1 1.0 0.0] [0 1 1.0 0.0] [0 1 1.0 0.0] [0 1 1.0 0.0] [0 1 1.0 0.0] [0 1 1.0 0.0] [0 1 1.0 0.0] [0 1 1.0 0.0] [0 1 1.0 0.0] [0 1 1.0 0.0] [0 1 1.0 0.0] [0 1 1.0 0.0] [0 1 1.0 0.0] [0 1 1.0 0.0] [0 1 1.0 0.0] [0 1 1.0 0.0] [0 1 1.0 0.0] [0 1 1.0 0.0] [0 1 1.0 0.0] [0 1 1.0 0.0] [0 1 1.0 0.0] [0 1 1.0 0.0] [0 1 1.0 0.0] [0 1 1.0 0.0] [0 1 1.0 0.0] [0 1 1.0 0.0] [0 1 1.0 0.0] [0 1 1.0 0.0] [0 1 1.0 0.0] [0 1 1.0 0.0] [0 1 1.0 0.0] [0 1 1.0 0.0] [0 1 1.0 0.0] [0 1 1.0 0.0] [0 1 1.0 0.0] [0 1 1.0 0.0] [0 1 1.0 0.0] [0 1 1.0 0.0] [0 1 1.0 0.0] [0 1 1.0 0.0] [0 1 1.0 0.0] [0 1 1.0 0.0] [0 1 1.0 0.0] [0 1 1.0 0.0] [0 1 1.0 0.0] [0 1 1.0 0.0] [0 1 1.0 0.0] [0 1 1.0 0.0] [0 1 1.0 0.0] [0 1 1.0 0.0] [0 1 1.0 0.0] [0 1 1.0 0.0] [0 1 1.0 0.0] [0 1 1.0 0.0] [0 1 1.0 0.0] [0 1 1.0 0.0] [0 1 1.0 0.0] [0 1 1.0 0.0] [0 1 1.0 0.0] [0 1 1.0 0.0] [0 1 1.0 0.0] [0 1 1.0 0.0] [0 1 1.0 0.0] [0 1 1.0 0.0] [0 1 1.0 0.0] [0 1 1.0 0.0] [0 1 1.0 0.0] [0 1 1.0 0.0] [0 1 1.0 0.0] [0 1 1.0 0.0] [0 1 1.0 0.0] [0 1 1.0 0.0] [0 1 1.0 0.0] [0 1 1.0 0.0] [0 1 1.0 0.0] [0 1 1.0 0.0] [0 1 1.0 0.0] [0 1 1.0 0.0] [0 1 1.0 0.0] [0 1 1.0 0.0] [0 1 1.0 0.0] [0 1 1.0 0.0] [0 1 1.0 0.0] [0 1 1.0 0.0] [0 1 1.0 0.0] [0 1 1.0 0.0] [0 1 1.0 0.0]
[0 1 1.0 0.0] [0 1 1.0 0.0] [0 1 1.0 0.0] [0 1 1.0 0.0] [0 1 1.0 0.0] [0 1 1.0 0.0] [0 1 1.0 0.0] [0 1 1.0 0.0] [0 1 1.0 0.0] [0 1 1.0 0.0] [0 1 1.0 0.0] [0 1 1.0 0.0] [0 1 1.0 0.0] [0 1 1.0 0.0] [0 1 1.0 0.0] [0 1 1.0 0.0] [0 1 1.0 0.0] [0 1 1.0 0.0] [0 1 1.0 0.0] [0 1 1.0 0.0] [0 1 1.0 0.0] [0 1 1.0 0.0] [0 1 1.0 0.0] [0 1 1.0 0.0] [0 1 1.0 0.0] [0 1 1.0 0.0] [0 1 1.0 0.0] [0 1 1.0 0.0] [0 1 1.0 0.0] [0 1 1.0 0.0] [0 1 1.0 0.0] [0 1 1.0 0.0] [0 1 1.0 0.0] [0 1 1.0 0.0] [0 1 1.0 0.0] [0 1 1.0 0.0] [0 1 1.0 0.0] [0 1 1.0 0.0] [0 1 1.0 0.0] [0 1 1.0 0.0] [0 1 1.0 0.0] [0 1 1.0 0.0] [0 1 1.0 0.0] [0 1 1.0 0.0] [0 1 1.0 0.0] [0 1 1.0 0.0] [0 1 1.0 0.0] [0 1 1.0 0.0] [0 1 1.0 0.0] [0 1 1.0 0.0] [0 1 1.0 0.0] [0 1 1.0 0.0] [0 1 1.0 0.0] [0 1 1.0 0.0] [0 1 1.0 0.0] [0 1 1.0 0.0] [0 1 1.0 0.0] [0 1 1.0 0.0] [0 1 1.0 0.0] [0 1 1.0 0.0] [0 1 1.0 0.0] [0 1 1.0 0.0] [0 1 1.0 0.0] [0 1 1.0 0.0] [0 1 1.0 0.0] [0 1 1.0 0.0] [0 1 1.0 0.0] [0 1 1.0 0.0] [0 1 1.0 0.0] [0 1 1.0 0.0] [0 1 1.0 0.0] [0 1 1.0 0.0] [0 1 1.0 0.0] [0 1 1.0 0.0] [0 1 1.0 0.0] [0 1 1.0 0.0] [0 1 1.0 0.0] [0 1 1.0 0.0] [0 1 1.0 0.0] [0 1 1.0 0.0] [0 1 1.0 0.0] [0 1 1.0 0.0] [0 1 1.0 0.0] [0 1 1.0 0.0] [0 1 1.0 0.0] [0 1 1.0 0.0] [0 1 1.0 0.0] [0 1 1.0 0.0] [0 1 1.0 0.0] [0 1 1.0 0.0] [0 1 1.0 0.0] [0 1 1.0 0.0] [0 1 1.0 0.0] [0 1 1.0 0.0] [0 1 1.0 0.0] [0 1 1.0 0.0] [0 1 1.0 0.0] [0 1 1.0 0.0] [0 1 1.0 0.0] [0 1 1.0 0.0] [0 1 1.0 0.0] [0 1 1.0 0.0] [0 1 1.0 0.0] [0 1 1.0 0.0] [0 1 1.0 0.0] [0 1 1.0 0.0] [0 1 1.0 0.0] [0 1 1.0 0.0] [0 1 1.0 0.0] [0 1 1.0 0.0] [0 1 1.0 0.0] [0 1 1.0 0.0] [0 1 1.0 0.0] [0 1 1.0 0.0] [0 1 1.0 0.0] [0 1 1.0 0.0] [0 1 1.0 0.0] [0 1 1.0 0.0] [0 1 1.0 0.0] [0 1 1.0 0.0] [0 1 1.0 0.0] [0 1 1.0 0.0] [0 1 1.0 0.0] [0 1 1.0 0.0] [0 1 1.0 0.0] [0 1 1.0 0.0] [0 1 1.0 0.0] [0 1 1.0 0.0] [0 1 1.0 0.0] [0 1 1.0 0.0] [0 1 1.0 0.0] [0 1 1.0 0.0] [0 1 1.0 0.0] [0 1 1.0 0.0] [0 1 1.0 0.0] [0 1 1.0 0.0] [0 1 1.0 0.0] [0 1 1.0 0.0] [0 1 1.0 0.0] [0 1 1.0 0.0] [0 1 1.0 0.0] [0 1 1.0 0.0] [0 1 1.0 0.0] [0 1 1.0 0.0] [0 1 1.0 0.0] [0 1 1.0 0.0] [0 1 1.0 0.0] [0 1 1.0 0.0] [0 1 1.0 0.0] [0 1 1.0 0.0] [0 1 1.0 0.0] [0 1 1.0 0.0] [0 1 1.0 0.0] [0 1 1.0 0.0] [0 1 1.0 0.0] [0 1 1.0 0.0] [0 1 1.0 0.0] [0 1 1.0 0.0] [0 1 1.0 0.0] [0 1 1.0 0.0]
[0 1 1.0 0.0] [0 1 1.0 0.0] [0 1 1.0 0.0] [0 1 1.0 0.0] [0 1 1.0 0.0] [0 1 1.0 0.0] [0 1 1.0 0.0] [0 1 1.0 0.0] [0 1 1.0 0.0] [0 1 1.0 0.0] [0 1 1.0 0.0] [0 1 1.0 0.0] [0 1 1.0 0.0] [0 1 1.0 0.0] [0 1 1.0 0.0] [0 1 1.0 0.0] [0 1 1.0 0.0] [0 1 1.0 0.0] [0 1 1.0 0.0] [0 1 1.0 0.0] [0 1 1.0 0.0] [0 1 1.0 0.0] [0 1 1.0 0.0] [0 1 1.0 0.0] [0 1 1.0 0.0] [0 1 1.0 0.0] [0 1 1.0 0.0] [0 1 1.0 0.0] [0 1 1.0 0.0] [0 1 1.0 0.0] [0 1 1.0 0.0] [0 1 1.0 0.0] [0 1 1.0 0.0] [0 1 1.0 0.0] [0 1 1.0 0.0] [0 1 1.0 0.0] [0 1 1.0 0.0] [0 1 1.0 0.0] [0 1 1.0 0.0] [0 1 1.0 0.0] [0 1 1.0 0.0] [0 1 1.0 0.0] [0 1 1.0 0.0] [0 1 1.0 0.0] [0 1 1.0 0.0] [0 1 1.0 0.0] [0 1 1.0 0.0] [0 1 1.0 0.0] [0 1 1.0 0.0] [0 1 1.0 0.0] [0 1 1.0 0.0] [0 1 1.0 0.0] [0 1 1.0 0.0] [0 1 1.0 0.0] [0 1 1.0 0.0] [0 1 1.0 0.0] [0 1 1.0 0.0] [0 1 1.0 0.0] [0 1 1.0 0.0] [0 1 1.0 0.0] [0 1 1.0 0.0] [0 1 1.0 0.0] [0 1 1.0 0.0] [0 1 1.0 0.0] [0 1 1.0 0.0] [0 1 1.0 0.0] [0 1 1.0 0.0] [0 1 1.0 0.0] [0 1 1.0 0.0] [0 1 1.0 0.0] [0 1 1.0 0.0] [0 1 1.0 0.0] [0 1 1.0 0.0] [0 1 1.0 0.0] [0 1 1.0 0.0] [0 1 1.0 0.0] [0 1 1.0 0.0] [0 1 1.0 0.0] [0 1 1.0 0.0] [0 1 1.0 0.0] [0 1 1.0 0.0] [0 1 1.0 0.0] [0 1 1.0 0.0] [0 1 1.0 0.0] [0 1 1.0 0.0] [0 1 1.0 0.0] [0 1 1.0 0.0] [0 1 1.0 0.0] [0 1 1.0 0.0] [0 1 1.0 0.0] [0 1 1.0 0.0] [0 1 1.0 0.0] [0 1 1.0 0.0] [0 1 1.0 0.0] [0 1 1.0 0.0] [0 1 1.0 0.0] [0 1 1.0 0.0] [0 1 1.0 0.0] [0 1 1.0 0.0] [0 1 1.0 0.0] [0 1 1.0 0.0] [0 1 1.0 0.0] [0 1 1.0 0.0] [0 1 1.0 0.0] [0 1 1.0 0.0] [0 1 1.0 0.0] [0 1 1.0 0.0] [0 1 1.0 0.0] [0 1 1.0 0.0] [0 1 1.0 0.0] [0 1 1.0 0.0] [0 1 1.0 0.0] [0 1 1.0 0.0] [0 1 1.0 0.0] [0 1 1.0 0.0] [0 1 1.0 0.0] [0 1 1.0 0.0] [0 1 1.0 0.0] [0 1 1.0 0.0] [0 1 1.0 0.0] [0 1 1.0 0.0] [0 1 1.0 0.0] [0 1 1.0 0.0] [0 1 1.0 0.0] [0 1 1.0 0.0] [0 1 1.0 0.0] [0 1 1.0 0.0] [0 1 1.0 0.0] [0 1 1.0 0.0] [0 1 1.0 0.0] [0 1 1.0 0.0] [0 1 1.0 0.0] [0 1 1.0 0.0] [0 1 1.0 0.0] [0 1 1.0 0.0] [0 1 1.0 0.0] [0 1 1.0 0.0] [0 1 1.0 0.0] [0 1 1.0 0.0] [0 1 1.0 0.0] [0 1 1.0 0.0] [0 1 1.0 0.0] [0 1 1.0 0.0] [0 1 1.0 0.0] [0 1 1.0 0.0] [0 1 1.0 0.0] [0 1 1.0 0.0] [0 1 1.0 0.0] [0 1 1.0 0.0] [0 1 1.0 0.0] [0 1 1.0 0.0] [0 1 1.0 0.0] [0 1 1.0 0.0] [0 1 1.0 0.0] [0 1 1.0 0.0] [0 1 1.0 0.0] [0 1 1.0 0.0] [0 1 1.0 0.0] [0 1 1.0 0.0] [0 1 1.0 0.0]
[0 1 1.0 0.0] [0 1 1.0 0.0] [0 1 1.0 0.0] [0 1 1.0 0.0] [0 1 1.0 0.0] [0 1 1.0 0.0] [0 1 1.0 0.0] [0 1 1.0 0.0] [0 1 1.0 0.0] [0 1 1.0 0.0] [0 1 1.0 0.0] [0 1 1.0 0.0] [0 1 1.0 0.0] [0 1 1.0 0.0] [0 1 1.0 0.0] [0 1 1.0 0.0] [0 1 1.0 0.0] [0 1 1.0 0.0] [0 1 1.0 0.0] [0 1 1.0 0.0] [0 1 1.0 0.0] [0 1 1.0 0.0] [0 1 1.0 0.0] [0 1 1.0 0.0] [0 1 1.0 0.0] [0 1 1.0 0.0] [0 1 1.0 0.0] [0 1 1.0 0.0] [0 1 1.0 0.0] [0 1 1.0 0.0] [0 1 1.0 0.0] [0 1 1.0 0.0] [0 1 1.0 0.0] [0 1 1.0 0.0] [0 1 1.0 0.0] [0 1 1.0 0.0] [0 1 1.0 0.0] [0 1 1.0 0.0] [0 1 1.0 0.0] [0 1 1.0 0.0] [0 1 1.0 0.0] [0 1 1.0 0.0] [0 1 1.0 0.0] [0 1 1.0 0.0] [0 1 1.0 0.0] [0 1 1.0 0.0] [0 1 1.0 0.0] [0 1 1.0 0.0] [0 1 1.0 0.0] [0 1 1.0 0.0] [0 1 1.0 0.0] [0 1 1.0 0.0] [0 1 1.0 0.0] [0 1 1.0 0.0] [0 1 1.0 0.0] [0 1 1.0 0.0] [0 1 1.0 0.0] [0 1 1.0 0.0] [0 1 1.0 0.0] [0 1 1.0 0.0] [0 1 1.0 0.0] [0 1 1.0 0.0] [0 1 1.0 0.0] [0 1 1.0 0.0] [0 1 1.0 0.0] [0 1 1.0 0.0] [0 1 1.0 0.0] [0 1 1.0 0.0] [0 1 1.0 0.0] [0 1 1.0 0.0] [0 1 1.0 0.0] [0 1 1.0 0.0] [0 1 1.0 0.0] [0 1 1.0 0.0] [0 1 1.0 0.0] [0 1 1.0 0.0] [0 1 1.0 0.0] [0 1 1.0 0.0] [0 1 1.0 0.0] [0 1 1.0 0.0] [0 1 1.0 0.0] [0 1 1.0 0.0] [0 1 1.0 0.0] [0 1 1.0 0.0] [0 1 1.0 0.0] [0 1 1.0 0.0] [0 1 1.0 0.0] [0 1 1.0 0.0] [0 1 1.0 0.0] [0 1 1.0 0.0] [0 1 1.0 0.0] [0 1 1.0 0.0] [0 1 1.0 0.0] [0 1 1.0 0.0] [0 1 1.0 0.0] [0 1 1.0 0.0] [0 1 1.0 0.0] [0 1 1.0 0.0] [0 1 1.0 0.0] [0 1 1.0 0.0] [0 1 1.0 0.0] [0 1 1.0 0.0] [0 1 1.0 0.0] [0 1 1.0 0.0] [0 1 1.0 0.0] [0 1 1.0 0.0] [0 1 1.0 0.0] [0 1 1.0 0.0] [0 1 1.0 0.0] [0 1 1.0 0.0] [0 1 1.0 0.0] [0 1 1.0 0.0] [0 1 1.0 0.0] [0 1 1.0 0.0] [0 1 1.0 0.0] [0 1 1.0 0.0] [0 1 1.0 0.0] [0 1 1.0 0.0] [0 1 1.0 0.0] [0 1 1.0 0.0] [0 1 1.0 0.0] [0 1 1.0 0.0] [0 1 1.0 0.0] [0 1 1.0 0.0] [0 1 1.0 0.0] [0 1 1.0 0.0] [0 1 1.0 0.0] [0 1 1.0 0.0] [0 1 1.0 0.0] [0 1 1.0 0.0] [0 1 1.0 0.0] [0 1 1.0 0.0] [0 1 1.0 0.0] [0 1 1.0 0.0] [0 1 1.0 0.0] [0 1 1.0 0.0] [0 1 1.0 0.0] [0 1 1.0 0.0] [0 1 1.0 0.0] [0 1 1.0 0.0] [0 1 1.0 0.0] [0 1 1.0 0.0] [0 1 1.0 0.0] [0 1 1.0 0.0] [0 1 1.0 0.0] [0 1 1.0 0.0] [0 1 1.0 0.0] [0 1 1.0 0.0] [0 1 1.0 0.0] [0 1 1.0 0.0] [0 1 1.0 0.0] [0 1 1.0 0.0] [0 1 1.0 0.0] [0 1 1.0 0.0] [0 1 1.0 0.0] [0 1 1.0 0.0] [0 1 1.0 0.0] [0 1 1.0 0.0] [0 1 1.0 0.0] [0 1 1.0 0.0]
[0 1 1.0 0.0] [0 1 1.0 0.0] [0 1 1.0 0.0] [0 1 1.0 0.0] [0 1 1.0 0.0] [0 1 1.0 0.0] [0 1 1.0 0.0] [0 1 1.0 0.0] [0 1 1.0 0.0] [0 1 1.0 0.0] [0 1 1.0 0.0] [0 1 1.0 0.0] [0 1 1.0 0.0] [0 1 1.0 0.0] [0 1 1.0 0.0] [0 1 1.0 0.0] [0 1 1.0 0.0] [0 1 1.0 0.0] [0 1 1.0 0.0] [0 1 1.0 0.0] [0 1 1.0 0.0] [0 1 1.0 0.0] [0 1 1.0 0.0] [0 1 1.0 0.0] [0 1 1.0 0.0] [0 1 1.0 0.0] [0 1 1.0 0.0] [0 1 1.0 0.0] [0 1 1.0 0.0] [0 1 1.0 0.0] [0 1 1.0 0.0] [0 1 1.0 0.0] [0 1 1.0 0.0] [0 1 1.0 0.0] [0 1 1.0 0.0] [0 1 1.0 0.0] [0 1 1.0 0.0] [0 1 1.0 0.0] [0 1 1.0 0.0] [0 1 1.0 0.0] [0 1 1.0 0.0] [0 1 1.0 0.0] [0 1 1.0 0.0] [0 1 1.0 0.0] [0 1 1.0 0.0] [0 1 1.0 0.0] [0 1 1.0 0.0] [0 1 1.0 0.0] [0 1 1.0 0.0] [0 1 1.0 0.0] [0 1 1.0 0.0] [0 1 1.0 0.0] [0 1 1.0 0.0] [0 1 1.0 0.0] [0 1 1.0 0.0] [0 1 1.0 0.0] [0 1 1.0 0.0] [0 1 1.0 0.0] [0 1 1.0 0.0] [0 1 1.0 0.0] [0 1 1.0 0.0] [0 1 1.0 0.0] [0 1 1.0 0.0] [0 1 1.0 0.0] [0 1 1.0 0.0] [0 1 1.0 0.0] [0 1 1.0 0.0] [0 1 1.0 0.0] [0 1 1.0 0.0] [0 1 1.0 0.0] [0 1 1.0 0.0] [0 1 1.0 0.0] [0 1 1.0 0.0] [0 1 1.0 0.0] [0 1 1.0 0.0] [0 1 1.0 0.0] [0 1 1.0 0.0] [0 1 1.0 0.0] [0 1 1.0 0.0] [0 1 1.0 0.0] [0 1 1.0 0.0] [0 1 1.0 0.0] [0 1 1.0 0.0] [0 1 1.0 0.0] [0 1 1.0 0.0] [0 1 1.0 0.0] [0 1 1.0 0.0] [0 1 1.0 0.0] [0 1 1.0 0.0] [0 1 1.0 0.0] [0 1 1.0 0.0] [0 1 1.0 0.0] [0 1 1.0 0.0] [0 1 1.0 0.0] [0 1 1.0 0.0] [0 1 1.0 0.0] [0 1 1.0 0.0] [0 1 1.0 0.0] [0 1 1.0 0.0] [0 1 1.0 0.0] [0 1 1.0 0.0] [0 1 1.0 0.0] [0 1 1.0 0.0] [0 1 1.0 0.0] [0 1 1.0 0.0] [0 1 1.0 0.0] [0 1 1.0 0.0] [0 1 1.0 0.0] [0 1 1.0 0.0] [0 1 1.0 0.0] [0 1 1.0 0.0] [0 1 1.0 0.0] [0 1 1.0 0.0] [0 1 1.0 0.0] [0 1 1.0 0.0] [0 1 1.0 0.0] [0 1 1.0 0.0] [0 1 1.0 0.0] [0 1 1.0 0.0] [0 1 1.0 0.0] [0 1 1.0 0.0] [0 1 1.0 0.0] [0 1 1.0 0.0] [0 1 1.0 0.0] [0 1 1.0 0.0] [0 1 1.0 0.0] [0 1 1.0 0.0] [0 1 1.0 0.0] [0 1 1.0 0.0] [0 1 1.0 0.0] [0 1 1.0 0.0] [0 1 1.0 0.0] [0 1 1.0 0.0] [0 1 1.0 0.0] [0 1 1.0 0.0] [0 1 1.0 0.0] [0 1 1.0 0.0] [0 1 1.0 0.0] [0 1 1.0 0.0] [0 1 1.0 0.0] [0 1 1.0 0.0] [0 1 1.0 0.0] [0 1 1.0 0.0] [0 1 1.0 0.0] [0 1 1.0 0.0] [0 1 1.0 0.0] [0 1 1.0 0.0] [0 1 1.0 0.0] [0 1 1.0 0.0] [0 1 1.0 0.0] [0 1 1.0 0.0] [0 1 1.0 0.0] [0 1 1.0 0.0] [0 1 1.0 0.0] [0 1 1.0 0.0] [0 1 1.0 0.0] [0 1 1.0 0.0] [0 1 1.0 0.0] [0 1 1.0 0.0] [0 1 1.0 0.0]
[0 1 1.0 0.0] [0 1 1.0 0.0] [0 1 1.0 0.0] [0 1 1.0 0.0] [0 1 1.0 0.0] [0 1 1.0 0.0] [0 1 1.0 0.0] [0 1 1.0 0.0] [0 1 1.0 0.0] [0 1 1.0 0.0] [0 1 1.0 0.0] [0 1 1.0 0.0] [0 1 1.0 0.0] [0 1 1.0 0.0] [0 1 1.0 0.0] [0 1 1.0 0.0] [0 1 1.0 0.0] [0 1 1.0 0.0] [0 1 1.0 0.0] [0 1 1.0 0.0] [0 1 1.0 0.0] [0 1 1.0 0.0] [0 1 1.0 0.0] [0 1 1.0 0.0] [0 1 1.0 0.0] [0 1 1.0 0.0] [0 1 1.0 0.0] [0 1 1.0 0.0] [0 1 1.0 0.0] [0 1 1.0 0.0] [0 1 1.0 0.0] [0 1 1.0 0.0] [0 1 1.0 0.0] [0 1 1.0 0.0] [0 1 1.0 0.0] [0 1 1.0 0.0] [0 1 1.0 0.0] [0 1 1.0 0.0] [0 1 1.0 0.0] [0 1 1.0 0.0] [0 1 1.0 0.0] [0 1 1.0 0.0] [0 1 1.0 0.0] [0 1 1.0 0.0] [0 1 1.0 0.0] [0 1 1.0 0.0] [0 1 1.0 0.0] [0 1 1.0 0.0] [0 1 1.0 0.0] [0 1 1.0 0.0] [0 1 1.0 0.0] [0 1 1.0 0.0] [0 1 1.0 0.0] [0 1 1.0 0.0] [0 1 1.0 0.0] [0 1 1.0 0.0] [0 1 1.0 0.0] [0 1 1.0 0.0] [0 1 1.0 0.0] [0 1 1.0 0.0] [0 1 1.0 0.0] [0 1 1.0 0.0] [0 1 1.0 0.0] [0 1 1.0 0.0] [0 1 1.0 0.0] [0 1 1.0 0.0] [0 1 1.0 0.0] [0 1 1.0 0.0] [0 1 1.0 0.0] [0 1 1.0 0.0] [0 1 1.0 0.0] [0 1 1.0 0.0] [0 1 1.0 0.0] [0 1 1.0 0.0] [0 1 1.0 0.0] [0 1 1.0 0.0] [0 1 1.0 0.0] [0 1 1.0 0.0] [0 1 1.0 0.0] [0 1 1.0 0.0] [0 1 1.0 0.0] [0 1 1.0 0.0] [0 1 1.0 0.0] [0 1 1.0 0.0] [0 1 1.0 0.0] [0 1 1.0 0.0] [0 1 1.0 0.0] [0 1 1.0 0.0] [0 1 1.0 0.0] [0 1 1.0 0.0] [0 1 1.0 0.0] [0 1 1.0 0.0] [0 1 1.0 0.0] [0 1 1.0 0.0] [0 1 1.0 0.0] [0 1 1.0 0.0] [0 1 1.0 0.0] [0 1 1.0 0.0] [0 1 1.0 0.0] [0 1 1.0 0.0] [0 1 1.0 0.0] [0 1 1.0 0.0] [0 1 1.0 0.0] [0 1 1.0 0.0] [0 1 1.0 0.0] [0 1 1.0 0.0] [0 1 1.0 0.0] [0 1 1.0 0.0] [0 1 1.0 0.0] [0 1 1.0 0.0] [0 1 1.0 0.0] [0 1 1.0 0.0] [0 1 1.0 0.0] [0 1 1.0 0.0] [0 1 1.0 0.0] [0 1 1.0 0.0] [0 1 1.0 0.0] [0 1 1.0 0.0] [0 1 1.0 0.0] [0 1 1.0 0.0] [0 1 1.0 0.0] [0 1 1.0 0.0] [0 1 1.0 0.0] [0 1 1.0 0.0] [0 1 1.0 0.0] [0 1 1.0 0.0] [0 1 1.0 0.0] [0 1 1.0 0.0] [0 1 1.0 0.0] [0 1 1.0 0.0] [0 1 1.0 0.0] [0 1 1.0 0.0] [0 1 1.0 0.0] [0 1 1.0 0.0] [0 1 1.0 0.0] [0 1 1.0 0.0] [0 1 1.0 0.0] [0 1 1.0 0.0] [0 1 1.0 0.0] [0 1 1.0 0.0] [0 1 1.0 0.0] [0 1 1.0 0.0] [0 1 1.0 0.0] [0 1 1.0 0.0] [0 1 1.0 0.0] [0 1 1.0 0.0] [0 1 1.0 0.0] [0 1 1.0 0.0] [0 1 1.0 0.0] [0 1 1.0 0.0] [0 1 1.0 0.0] [0 1 1.0 0.0] [0 1 1.0 0.0] [0 1 1.0 0.0] [0 1 1.0 0.0] [0 1 1.0 0.0] [0 1 1.0 0.0] [0 1 1.0 0.0] [0 1 1.0 0.0] [0 1 1.0 0.0]
[0 1 1.0 0.0] [0 1 1.0 0.0] [0 1 1.0 0.0] [0 1 1.0 0.0] [0 1 1.0 0.0] [0 1 1.0 0.0] [0 1 1.0 0.0] [0 1 1.0 0.0] [0 1 1.0 0.0] [0 1 1.0 0.0] [0 1 1.0 0.0] [0 1 1.0 0.0] [0 1 1.0 0.0] [0 1 1.0 0.0] [0 1 1.0 0.0] [0 1 1.0 0.0] [0 1 1.0 0.0] [0 1 1.0 0.0] [0 1 1.0 0.0] [0 1 1.0 0.0] [0 1 1.0 0.0] [0 1 1.0 0.0] [0 1 1.0 0.0] [0 1 1.0 0.0] [0 1 1.0 0.0] [0 1 1.0 0.0] [0 1 1.0 0.0] [0 1 1.0 0.0] [0 1 1.0 0.0] [0 1 1.0 0.0] [0 1 1.0 0.0] [0 1 1.0 0.0] [0 1 1.0 0.0] [0 1 1.0 0.0] [0 1 1.0 0.0] [0 1 1.0 0.0] [0 1 1.0 0.0] [0 1 1.0 0.0] [0 1 1.0 0.0] [0 1 1.0 0.0] [0 1 1.0 0.0] [0 1 1.0 0.0] [0 1 1.0 0.0] [0 1 1.0 0.0] [0 1 1.0 0.0] [0 1 1.0 0.0] [0 1 1.0 0.0] [0 1 1.0 0.0] [0 1 1.0 0.0] [0 1 1.0 0.0] [0 1 1.0 0.0] [0 1 1.0 0.0] [0 1 1.0 0.0] [0 1 1.0 0.0] [0 1 1.0 0.0] [0 1 1.0 0.0] [0 1 1.0 0.0] [0 1 1.0 0.0] [0 1 1.0 0.0] [0 1 1.0 0.0] [0 1 1.0 0.0] [0 1 1.0 0.0] [0 1 1.0 0.0] [0 1 1.0 0.0] [0 1 1.0 0.0] [0 1 1.0 0.0] [0 1 1.0 0.0] [0 1 1.0 0.0] [0 1 1.0 0.0] [0 1 1.0 0.0] [0 1 1.0 0.0] [0 1 1.0 0.0] [0 1 1.0 0.0] [0 1 1.0 0.0] [0 1 1.0 0.0] [0 1 1.0 0.0] [0 1 1.0 0.0] [0 1 1.0 0.0] [0 1 1.0 0.0] [0 1 1.0 0.0] [0 1 1.0 0.0] [0 1 1.0 0.0] [0 1 1.0 0.0] [0 1 1.0 0.0] [0 1 1.0 0.0] [0 1 1.0 0.0] [0 1 1.0 0.0] [0 1 1.0 0.0] [0 1 1.0 0.0] [0 1 1.0 0.0] [0 1 1.0 0.0] [0 1 1.0 0.0] [0 1 1.0 0.0] [0 1 1.0 0.0] [0 1 1.0 0.0] [0 1 1.0 0.0] [0 1 1.0 0.0] [0 1 1.0 0.0] [0 1 1.0 0.0] [0 1 1.0 0.0] [0 1 1.0 0.0] [0 1 1.0 0.0] [0 1 1.0 0.0] [0 1 1.0 0.0] [0 1 1.0 0.0] [0 1 1.0 0.0] [0 1 1.0 0.0] [0 1 1.0 0.0] [0 1 1.0 0.0] [0 1 1.0 0.0] [0 1 1.0 0.0] [0 1 1.0 0.0] [0 1 1.0 0.0] [0 1 1.0 0.0] [0 1 1.0 0.0] [0 1 1.0 0.0] [0 1 1.0 0.0] [0 1 1.0 0.0] [0 1 1.0 0.0] [0 1 1.0 0.0] [0 1 1.0 0.0] [0 1 1.0 0.0] [0 1 1.0 0.0] [0 1 1.0 0.0] [0 1 1.0 0.0] [0 1 1.0 0.0] [0 1 1.0 0.0] [0 1 1.0 0.0] [0 1 1.0 0.0] [0 1 1.0 0.0] [0 1 1.0 0.0] [0 1 1.0 0.0] [0 1 1.0 0.0] [0 1 1.0 0.0] [0 1 1.0 0.0] [0 1 1.0 0.0] [0 1 1.0 0.0] [0 1 1.0 0.0] [0 1 1.0 0.0] [0 1 1.0 0.0] [0 1 1.0 0.0] [0 1 1.0 0.0] [0 1 1.0 0.0] [0 1 1.0 0.0] [0 1 1.0 0.0] [0 1 1.0 0.0] [0 1 1.0 0.0] [0 1 1.0 0.0] [0 1 1.0 0.0] [0 1 1.0 0.0] [0 1 1.0 0.0] [0 1 1.0 0.0] [0 1 1.0 0.0] [0 1 1.0 0.0] [0 1 1.0 0.0] [0 1 1.0 0.0] [0 1 1.0 0.0] [0 1 1.0 0.0] [0 1 1.0 0.0] [0 1 1.0 0.0]
[0 1 1.0 0.0] [0 1 1.0 0.0] [0 1 1.0 0.0] [0 1 1.0 0.0] [0 1 1.0 0.0] [0 1 1.0 0.0] [0 1 1.0 0.0] [0 1 1.0 0.0] [0 1 1.0 0.0] [0 1 1.0 0.0] [0 1 1.0 0.0] [0 1 1.0 0.0] [0 1 1.0 0.0] [0 1 1.0 0.0] [0 1 1.0 0.0] [0 1 1.0 0.0] [0 1 1.0 0.0] [0 1 1.0 0.0] [0 1 1.0 0.0] [0 1 1.0 0.0] [0 1 1.0 0.0] [0 1 1.0 0.0] [0 1 1.0 0.0] [0 1 1.0 0.0] [0 1 1.0 0.0] [0 1 1.0 0.0] [0 1 1.0 0.0] [0 1 1.0 0.0] [0 1 1.0 0.0] [0 1 1.0 0.0] [0 1 1.0 0.0] [0 1 1.0 0.0] [0 1 1.0 0.0] [0 1 1.0 0.0] [0 1 1.0 0.0] [0 1 1.0 0.0] [0 1 1.0 0.0] [0 1 1.0 0.0] [0 1 1.0 0.0] [0 1 1.0 0.0] [0 1 1.0 0.0] [0 1 1.0 0.0] [0 1 1.0 0.0] [0 1 1.0 0.0] [0 1 1.0 0.0] [0 1 1.0 0.0] [0 1 1.0 0.0] [0 1 1.0 0.0] [0 1 1.0 0.0] [0 1 1.0 0.0] [0 1 1.0 0.0] [0 1 1.0 0.0] [0 1 1.0 0.0] [0 1 1.0 0.0] [0 1 1.0 0.0] [0 1 1.0 0.0] [0 1 1.0 0.0] [0 1 1.0 0.0] [0 1 1.0 0.0] [0 1 1.0 0.0] [0 1 1.0 0.0] [0 1 1.0 0.0] [0 1 1.0 0.0] [0 1 1.0 0.0] [0 1 1.0 0.0] [0 1 1.0 0.0] [0 1 1.0 0.0] [0 1 1.0 0.0] [0 1 1.0 0.0] [0 1 1.0 0.0] [0 1 1.0 0.0] [0 1 1.0 0.0] [0 1 1.0 0.0] [0 1 1.0 0.0] [0 1 1.0 0.0] [0 1 1.0 0.0] [0 1 1.0 0.0] [0 1 1.0 0.0] [0 1 1.0 0.0] [0 1 1.0 0.0] [0 1 1.0 0.0] [0 1 1.0 0.0] [0 1 1.0 0.0] [0 1 1.0 0.0] [0 1 1.0 0.0] [0 1 1.0 0.0] [0 1 1.0 0.0] [0 1 1.0 0.0] [0 1 1.0 0.0] [0 1 1.0 0.0] [0 1 1.0 0.0] [0 1 1.0 0.0] [0 1 1.0 0.0] [0 1 1.0 0.0] [0 1 1.0 0.0] [0 1 1.0 0.0] [0 1 1.0 0.0] [0 1 1.0 0.0] [0 1 1.0 0.0] [0 1 1.0 0.0] [0 1 1.0 0.0] [0 1 1.0 0.0] [0 1 1.0 0.0] [0 1 1.0 0.0] [0 1 1.0 0.0] [0 1 1.0 0.0] [0 1 1.0 0.0] [0 1 1.0 0.0] [0 1 1.0 0.0] [0 1 1.0 0.0] [0 1 1.0 0.0] [0 1 1.0 0.0] [0 1 1.0 0.0] [0 1 1.0 0.0] [0 1 1.0 0.0] [0 1 1.0 0.0] [0 1 1.0 0.0] [0 1 1.0 0.0] [0 1 1.0 0.0] [0 1 1.0 0.0] [0 1 1.0 0.0] [0 1 1.0 0.0] [0 1 1.0 0.0] [0 1 1.0 0.0] [0 1 1.0 0.0] [0 1 1.0 0.0] [0 1 1.0 0.0] [0 1 1.0 0.0] [0 1 1.0 0.0] [0 1 1.0 0.0] [0 1 1.0 0.0] [0 1 1.0 0.0] [0 1 1.0 0.0] [0 1 1.0 0.0] [0 1 1.0 0.0] [0 1 1.0 0.0] [0 1 1.0 0.0] [0 1 1.0 0.0] [0 1 1.0 0.0] [0 1 1.0 0.0] [0 1 1.0 0.0] [0 1 1.0 0.0] [0 1 1.0 0.0] [0 1 1.0 0.0] [0 1 1.0 0.0] [0 1 1.0 0.0] [0 1 1.0 0.0] [0 1 1.0 0.0] [0 1 1.0 0.0] [0 1 1.0 0.0] [0 1 1.0 0.0] [0 1 1.0 0.0] [0 1 1.0 0.0] [0 1 1.0 0.0] [0 1 1.0 0.0] [0 1 1.0 0.0] [0 1 1.0 0.0] [0 1 1.0 0.0] [0 1 1.0 0.0] [0 1 1.0 0.0]
[0 1 1.0 0.0] [0 1 1.0 0.0] [0 1 1.0 0.0] [0 1 1.0 0.0] [0 1 1.0 0.0] [0 1 1.0 0.0] [0 1 1.0 0.0] [0 1 1.0 0.0] [0 1 1.0 0.0] [0 1 1.0 0.0] [0 1 1.0 0.0] [0 1 1.0 0.0] [0 1 1.0 0.0] [0 1 1.0 0.0] [0 1 1.0 0.0] [0 1 1.0 0.0] [0 1 1.0 0.0] [0 1 1.0 0.0] [0 1 1.0 0.0] [0 1 1.0 0.0] [0 1 1.0 0.0] [0 1 1.0 0.0] [0 1 1.0 0.0] [0 1 1.0 0.0] [0 1 1.0 0.0] [0 1 1.0 0.0] [0 1 1.0 0.0] [0 1 1.0 0.0] [0 1 1.0 0.0] [0 1 1.0 0.0] [0 1 1.0 0.0] [0 1 1.0 0.0] [0 1 1.0 0.0] [0 1 1.0 0.0] [0 1 1.0 0.0] [0 1 1.0 0.0] [0 1 1.0 0.0] [0 1 1.0 0.0] [0 1 1.0 0.0] [0 1 1.0 0.0] [0 1 1.0 0.0] [0 1 1.0 0.0] [0 1 1.0 0.0] [0 1 1.0 0.0] [0 1 1.0 0.0] [0 1 1.0 0.0] [0 1 1.0 0.0] [0 1 1.0 0.0] [0 1 1.0 0.0] [0 1 1.0 0.0] [0 1 1.0 0.0] [0 1 1.0 0.0] [0 1 1.0 0.0] [0 1 1.0 0.0] [0 1 1.0 0.0] [0 1 1.0 0.0] [0 1 1.0 0.0] [0 1 1.0 0.0] [0 1 1.0 0.0] [0 1 1.0 0.0] [0 1 1.0 0.0] [0 1 1.0 0.0] [0 1 1.0 0.0] [0 1 1.0 0.0] [0 1 1.0 0.0] [0 1 1.0 0.0] [0 1 1.0 0.0] [0 1 1.0 0.0] [0 1 1.0 0.0] [0 1 1.0 0.0] [0 1 1.0 0.0] [0 1 1.0 0.0] [0 1 1.0 0.0] [0 1 1.0 0.0] [0 1 1.0 0.0] [0 1 1.0 0.0] [0 1 1.0 0.0] [0 1 1.0 0.0] [0 1 1.0 0.0] [0 1 1.0 0.0] [0 1 1.0 0.0] [0 1 1.0 0.0] [0 1 1.0 0.0] [0 1 1.0 0.0] [0 1 1.0 0.0] [0 1 1.0 0.0] [0 1 1.0 0.0] [0 1 1.0 0.0] [0 1 1.0 0.0] [0 1 1.0 0.0] [0 1 1.0 0.0] [0 1 1.0 0.0] [0 1 1.0 0.0] [0 1 1.0 0.0] [0 1 1.0 0.0] [0 1 1.0 0.0] [0 1 1.0 0.0] [0 1 1.0 0.0] [0 1 1.0 0.0] [0 1 1.0 0.0] [0 1 1.0 0.0] [0 1 1.0 0.0] [0 1 1.0 0.0] [0 1 1.0 0.0] [0 1 1.0 0.0] [0 1 1.0 0.0] [0 1 1.0 0.0] [0 1 1.0 0.0] [0 1 1.0 0.0] [0 1 1.0 0.0] [0 1 1.0 0.0] [0 1 1.0 0.0] [0 1 1.0 0.0] [0 1 1.0 0.0] [0 1 1.0 0.0] [0 1 1.0 0.0] [0 1 1.0 0.0] [0 1 1.0 0.0] [0 1 1.0 0.0] [0 1 1.0 0.0] [0 1 1.0 0.0] [0 1 1.0 0.0] [0 1 1.0 0.0] [0 1 1.0 0.0] [0 1 1.0 0.0] [0 1 1.0 0.0] [0 1 1.0 0.0] [0 1 1.0 0.0] [0 1 1.0 0.0] [0 1 1.0 0.0] [0 1 1.0 0.0] [0 1 1.0 0.0] [0 1 1.0 0.0] [0 1 1.0 0.0] [0 1 1.0 0.0] [0 1 1.0 0.0] [0 1 1.0 0.0] [0 1 1.0 0.0] [0 1 1.0 0.0] [0 1 1.0 0.0] [0 1 1.0 0.0] [0 1 1.0 0.0] [0 1 1.0 0.0] [0 1 1.0 0.0] [0 1 1.0 0.0] [0 1 1.0 0.0] [0 1 1.0 0.0] [0 1 1.0 0.0] [0 1 1.0 0.0] [0 1 1.0 0.0] [0 1 1.0 0.0] [0 1 1.0 0.0] [0 1 1.0 0.0] [0 1 1.0 0.0] [0 1 1.0 0.0] [0 1 1.0 0.0] [0 1 1.0 0.0] [0 1 1.0 0.0] [0 1 1.0 0.0] [0 1 1.0 0.0]
[0 1 1.0 0.0] [0 1 1.0 0.0] [0 1 1.0 0.0] [0 1 1.0 0.0] [0 1 1.0 0.0] [0 1 1.0 0.0] [0 1 1.0 0.0] [0 1 1.0 0.0] [0 1 1.0 0.0] [0 1 1.0 0.0] [0 1 1.0 0.0] [0 1 1.0 0.0] [0 1 1.0 0.0] [0 1 1.0 0.0] [0 1 1.0 0.0] [0 1 1.0 0.0] [0 1 1.0 0.0] [0 1 1.0 0.0] [0 1 1.0 0.0] [0 1 1.0 0.0] [0 1 1.0 0.0] [0 1 1.0 0.0] [0 1 1.0 0.0] [0 1 1.0 0.0] [0 1 1.0 0.0] [0 1 1.0 0.0] [0 1 1.0 0.0] [0 1 1.0 0.0] [0 1 1.0 0.0] [0 1 1.0 0.0] [0 1 1.0 0.0] [0 1 1.0 0.0] [0 1 1.0 0.0] [0 1 1.0 0.0] [0 1 1.0 0.0] [0 1 1.0 0.0] [0 1 1.0 0.0] [0 1 1.0 0.0] [0 1 1.0 0.0] [0 1 1.0 0.0] [0 1 1.0 0.0] [0 1 1.0 0.0] [0 1 1.0 0.0] [0 1 1.0 0.0] [0 1 1.0 0.0] [0 1 1.0 0.0] [0 1 1.0 0.0] [0 1 1.0 0.0] [0 1 1.0 0.0] [0 1 1.0 0.0] [0 1 1.0 0.0] [0 1 1.0 0.0] [0 1 1.0 0.0] [0 1 1.0 0.0] [0 1 1.0 0.0] [0 1 1.0 0.0] [0 1 1.0 0.0] [0 1 1.0 0.0] [0 1 1.0 0.0] [0 1 1.0 0.0] [0 1 1.0 0.0] [0 1 1.0 0.0] [0 1 1.0 0.0] [0 1 1.0 0.0] [0 1 1.0 0.0] [0 1 1.0 0.0] [0 1 1.0 0.0] [0 1 1.0 0.0] [0 1 1.0 0.0] [0 1 1.0 0.0] [0 1 1.0 0.0] [0 1 1.0 0.0] [0 1 1.0 0.0] [0 1 1.0 0.0] [0 1 1.0 0.0] [0 1 1.0 0.0] [0 1 1.0 0.0] [0 1 1.0 0.0] [0 1 1.0 0.0] [0 1 1.0 0.0] [0 1 1.0 0.0] [0 1 1.0 0.0] [0 1 1.0 0.0] [0 1 1.0 0.0] [0 1 1.0 0.0] [0 1 1.0 0.0] [0 1 1.0 0.0] [0 1 1.0 0.0] [0 1 1.0 0.0] [0 1 1.0 0.0] [0 1 1.0 0.0] [0 1 1.0 0.0] [0 1 1.0 0.0] [0 1 1.0 0.0] [0 1 1.0 0.0] [0 1 1.0 0.0] [0 1 1.0 0.0] [0 1 1.0 0.0] [0 1 1.0 0.0] [0 1 1.0 0.0] [0 1 1.0 0.0] [0 1 1.0 0.0] [0 1 1.0 0.0] [0 1 1.0 0.0] [0 1 1.0 0.0] [0 1 1.0 0.0] [0 1 1.0 0.0] [0 1 1.0 0.0] [0 1 1.0 0.0] [0 1 1.0 0.0] [0 1 1.0 0.0] [0 1 1.0 0.0] [0 1 1.0 0.0] [0 1 1.0 0.0] [0 1 1.0 0.0] [0 1 1.0 0.0] [0 1 1.0 0.0] [0 1 1.0 0.0] [0 1 1.0 0.0] [0 1 1.0 0.0] [0 1 1.0 0.0] [0 1 1.0 0.0] [0 1 1.0 0.0] [0 1 1.0 0.0] [0 1 1.0 0.0] [0 1 1.0 0.0] [0 1 1.0 0.0] [0 1 1.0 0.0] [0 1 1.0 0.0] [0 1 1.0 0.0] [0 1 1.0 0.0] [0 1 1.0 0.0] [0 1 1.0 0.0] [0 1 1.0 0.0] [0 1 1.0 0.0] [0 1 1.0 0.0] [0 1 1.0 0.0] [0 1 1.0 0.0] [0 1 1.0 0.0] [0 1 1.0 0.0] [0 1 1.0 0.0] [0 1 1.0 0.0] [0 1 1.0 0.0] [0 1 1.0 0.0] [0 1 1.0 0.0] [0 1 1.0 0.0] [0 1 1.0 0.0] [0 1 1.0 0.0] [0 1 1.0 0.0] [0 1 1.0 0.0] [0 1 1.0 0.0] [0 1 1.0 0.0] [0 1 1.0 0.0] [0 1 1.0 0.0] [0 1 1.0 0.0] [0 1 1.0 0.0] [0 1 1.0 0.0] [0 1 1.0 0.0] [0 1 1.0 0.0] [0 1 1.0 0.0]
[0 1 1.0 0.0] [0 1 1.0 0.0] [0 1 1.0 0.0] [0 1 1.0 0.0] [0 1 1.0 0.0] [0 1 1.0 0.0] [0 1 1.0 0.0] [0 1 1.0 0.0] [0 1 1.0 0.0] [0 1 1.0 0.0] [0 1 1.0 0.0] [0 1 1.0 0.0] [0 1 1.0 0.0] [0 1 1.0 0.0] [0 1 1.0 0.0] [0 1 1.0 0.0] [0 1 1.0 0.0] [0 1 1.0 0.0] [0 1 1.0 0.0] [0 1 1.0 0.0] [0 1 1.0 0.0] [0 1 1.0 0.0] [0 1 1.0 0.0] [0 1 1.0 0.0] [0 1 1.0 0.0] [0 1 1.0 0.0] [0 1 1.0 0.0] [0 1 1.0 0.0] [0 1 1.0 0.0] [0 1 1.0 0.0] [0 1 1.0 0.0] [0 1 1.0 0.0] [0 1 1.0 0.0] [0 1 1.0 0.0] [0 1 1.0 0.0] [0 1 1.0 0.0] [0 1 1.0 0.0] [0 1 1.0 0.0] [0 1 1.0 0.0] [0 1 1.0 0.0] [0 1 1.0 0.0] [0 1 1.0 0.0] [0 1 1.0 0.0] [0 1 1.0 0.0] [0 1 1.0 0.0] [0 1 1.0 0.0] [0 1 1.0 0.0] [0 1 1.0 0.0] [0 1 1.0 0.0] [0 1 1.0 0.0] [0 1 1.0 0.0] [0 1 1.0 0.0] [0 1 1.0 0.0] [0 1 1.0 0.0] [0 1 1.0 0.0] [0 1 1.0 0.0] [0 1 1.0 0.0] [0 1 1.0 0.0] [0 1 1.0 0.0] [0 1 1.0 0.0] [0 1 1.0 0.0] [0 1 1.0 0.0] [0 1 1.0 0.0] [0 1 1.0 0.0] [0 1 1.0 0.0] [0 1 1.0 0.0] [0 1 1.0 0.0] [0 1 1.0 0.0] [0 1 1.0 0.0] [0 1 1.0 0.0] [0 1 1.0 0.0] [0 1 1.0 0.0] [0 1 1.0 0.0] [0 1 1.0 0.0] [0 1 1.0 0.0] [0 1 1.0 0.0] [0 1 1.0 0.0] [0 1 1.0 0.0] [0 1 1.0 0.0] [0 1 1.0 0.0] [0 1 1.0 0.0] [0 1 1.0 0.0] [0 1 1.0 0.0] [0 1 1.0 0.0] [0 1 1.0 0.0] [0 1 1.0 0.0] [0 1 1.0 0.0] [0 1 1.0 0.0] [0 1 1.0 0.0] [0 1 1.0 0.0] [0 1 1.0 0.0] [0 1 1.0 0.0] [0 1 1.0 0.0] [0 1 1.0 0.0] [0 1 1.0 0.0] [0 1 1.0 0.0] [0 1 1.0 0.0] [0 1 1.0 0.0] [0 1 1.0 0.0] [0 1 1.0 0.0] [0 1 1.0 0.0] [0 1 1.0 0.0] [0 1 1.0 0.0] [0 1 1.0 0.0] [0 1 1.0 0.0] [0 1 1.0 0.0] [0 1 1.0 0.0] [0 1 1.0 0.0] [0 1 1.0 0.0] [0 1 1.0 0.0] [0 1 1.0 0.0] [0 1 1.0 0.0] [0 1 1.0 0.0] [0 1 1.0 0.0] [0 1 1.0 0.0] [0 1 1.0 0.0] [0 1 1.0 0.0] [0 1 1.0 0.0] [0 1 1.0 0.0] [0 1 1.0 0.0] [0 1 1.0 0.0] [0 1 1.0 0.0] [0 1 1.0 0.0] [0 1 1.0 0.0] [0 1 1.0 0.0] [0 1 1.0 0.0] [0 1 1.0 0.0] [0 1 1.0 0.0] [0 1 1.0 0.0] [0 1 1.0 0.0] [0 1 1.0 0.0] [0 1 1.0 0.0] [0 1 1.0 0.0] [0 1 1.0 0.0] [0 1 1.0 0.0] [0 1 1.0 0.0] [0 1 1.0 0.0] [0 1 1.0 0.0] [0 1 1.0 0.0] [0 1 1.0 0.0] [0 1 1.0 0.0] [0 1 1.0 0.0] [0 1 1.0 0.0] [0 1 1.0 0.0] [0 1 1.0 0.0] [0 1 1.0 0.0] [0 1 1.0 0.0] [0 1 1.0 0.0] [0 1 1.0 0.0] [0 1 1.0 0.0] [0 1 1.0 0.0] [0 1 1.0 0.0] [0 1 1.0 0.0] [0 1 1.0 0.0] [0 1 1.0 0.0] [0 1 1.0 0.0] [0 1 1.0 0.0] [0 1 1.0 0.0] [0 1 1.0 0.0] [0 1 1.0 0.0]
[0 1 1.0 0.0] [0 1 1.0 0.0] [0 1 1.0 0.0] [0 1 1.0 0.0] [0 1 1.0 0.0] [0 1 1.0 0.0] [0 1 1.0 0.0] [0 1 1.0 0.0] [0 1 1.0 0.0] [0 1 1.0 0.0] [0 1 1.0 0.0] [0 1 1.0 0.0] [0 1 1.0 0.0] [0 1 1.0 0.0] [0 1 1.0 0.0] [0 1 1.0 0.0] [0 1 1.0 0.0] [0 1 1.0 0.0] [0 1 1.0 0.0] [0 1 1.0 0.0] [0 1 1.0 0.0] [0 1 1.0 0.0] [0 1 1.0 0.0] [0 1 1.0 0.0] [0 1 1.0 0.0] [0 1 1.0 0.0] [0 1 1.0 0.0] [0 1 1.0 0.0] [0 1 1.0 0.0] [0 1 1.0 0.0] [0 1 1.0 0.0] [0 1 1.0 0.0] [0 1 1.0 0.0] [0 1 1.0 0.0] [0 1 1.0 0.0] [0 1 1.0 0.0] [0 1 1.0 0.0] [0 1 1.0 0.0] [0 1 1.0 0.0] [0 1 1.0 0.0] [0 1 1.0 0.0] [0 1 1.0 0.0] [0 1 1.0 0.0] [0 1 1.0 0.0] [0 1 1.0 0.0] [0 1 1.0 0.0] [0 1 1.0 0.0] [0 1 1.0 0.0] [0 1 1.0 0.0] [0 1 1.0 0.0] [0 1 1.0 0.0] [0 1 1.0 0.0] [0 1 1.0 0.0] [0 1 1.0 0.0] [0 1 1.0 0.0] [0 1 1.0 0.0] [0 1 1.0 0.0] [0 1 1.0 0.0] [0 1 1.0 0.0] [0 1 1.0 0.0] [0 1 1.0 0.0] [0 1 1.0 0.0] [0 1 1.0 0.0] [0 1 1.0 0.0] [0 1 1.0 0.0] [0 1 1.0 0.0] [0 1 1.0 0.0] [0 1 1.0 0.0] [0 1 1.0 0.0] [0 1 1.0 0.0] [0 1 1.0 0.0] [0 1 1.0 0.0] [0 1 1.0 0.0] [0 1 1.0 0.0] [0 1 1.0 0.0] [0 1 1.0 0.0] [0 1 1.0 0.0] [0 1 1.0 0.0] [0 1 1.0 0.0] [0 1 1.0 0.0] [0 1 1.0 0.0] [0 1 1.0 0.0] [0 1 1.0 0.0] [0 1 1.0 0.0] [0 1 1.0 0.0] [0 1 1.0 0.0] [0 1 1.0 0.0] [0 1 1.0 0.0] [0 1 1.0 0.0] [0 1 1.0 0.0] [0 1 1.0 0.0] [0 1 1.0 0.0] [0 1 1.0 0.0] [0 1 1.0 0.0] [0 1 1.0 0.0] [0 1 1.0 0.0] [0 1 1.0 0.0] [0 1 1.0 0.0] [0 1 1.0 0.0] [0 1 1.0 0.0] [0 1 1.0 0.0] [0 1 1.0 0.0] [0 1 1.0 0.0] [0 1 1.0 0.0] [0 1 1.0 0.0] [0 1 1.0 0.0] [0 1 1.0 0.0] [0 1 1.0 0.0] [0 1 1.0 0.0] [0 1 1.0 0.0] [0 1 1.0 0.0] [0 1 1.0 0.0] [0 1 1.0 0.0] [0 1 1.0 0.0] [0 1 1.0 0.0] [0 1 1.0 0.0] [0 1 1.0 0.0] [0 1 1.0 0.0] [0 1 1.0 0.0] [0 1 1.0 0.0] [0 1 1.0 0.0] [0 1 1.0 0.0] [0 1 1.0 0.0] [0 1 1.0 0.0] [0 1 1.0 0.0] [0 1 1.0 0.0] [0 1 1.0 0.0] [0 1 1.0 0.0] [0 1 1.0 0.0] [0 1 1.0 0.0] [0 1 1.0 0.0] [0 1 1.0 0.0] [0 1 1.0 0.0] [0 1 1.0 0.0] [0 1 1.0 0.0] [0 1 1.0 0.0] [0 1 1.0 0.0] [0 1 1.0 0.0] [0 1 1.0 0.0] [0 1 1.0 0.0] [0 1 1.0 0.0] [0 1 1.0 0.0] [0 1 1.0 0.0] [0 1 1.0 0.0] [0 1 1.0 0.0] [0 1 1.0 0.0] [0 1 1.0 0.0] [0 1 1.0 0.0] [0 1 1.0 0.0] [0 1 1.0 0.0] [0 1 1.0 0.0] [0 1 1.0 0.0] [0 1 1.0 0.0] [0 1 1.0 0.0] [0 1 1.0 0.0] [0 1 1.0 0.0] [0 1 1.0 0.0] [0 1 1.0 0.0] [0 1 1.0 0.0] [0 1 1.0 0.0]
[0 1 1.0 0.0] [0 1 1.0 0.0] [0 1 1.0 0.0] [0 1 1.0 0.0] [0 1 1.0 0.0] [0 1 1.0 0.0] [0 1 1.0 0.0] [0 1 1.0 0.0] [0 1 1.0 0.0] [0 1 1.0 0.0] [0 1 1.0 0.0] [0 1 1.0 0.0] [0 1 1.0 0.0] [0 1 1.0 0.0] [0 1 1.0 0.0] [0 1 1.0 0.0] [0 1 1.0 0.0] [0 1 1.0 0.0] [0 1 1.0 0.0] [0 1 1.0 0.0] [0 1 1.0 0.0] [0 1 1.0 0.0] [0 1 1.0 0.0] [0 1 1.0 0.0] [0 1 1.0 0.0] [0 1 1.0 0.0] [0 1 1.0 0.0] [0 1 1.0 0.0] [0 1 1.0 0.0] [0 1 1.0 0.0] [0 1 1.0 0.0] [0 1 1.0 0.0] [0 1 1.0 0.0] [0 1 1.0 0.0] [0 1 1.0 0.0] [0 1 1.0 0.0] [0 1 1.0 0.0] [0 1 1.0 0.0] [0 1 1.0 0.0] [0 1 1.0 0.0] [0 1 1.0 0.0] [0 1 1.0 0.0] [0 1 1.0 0.0] [0 1 1.0 0.0] [0 1 1.0 0.0] [0 1 1.0 0.0] [0 1 1.0 0.0] [0 1 1.0 0.0] [0 1 1.0 0.0] [0 1 1.0 0.0] [0 1 1.0 0.0] [0 1 1.0 0.0] [0 1 1.0 0.0] [0 1 1.0 0.0] [0 1 1.0 0.0] [0 1 1.0 0.0] [0 1 1.0 0.0] [0 1 1.0 0.0] [0 1 1.0 0.0] [0 1 1.0 0.0] [0 1 1.0 0.0] [0 1 1.0 0.0] [0 1 1.0 0.0] [0 1 1.0 0.0] [0 1 1.0 0.0] [0 1 1.0 0.0] [0 1 1.0 0.0] [0 1 1.0 0.0] [0 1 1.0 0.0] [0 1 1.0 0.0] [0 1 1.0 0.0] [0 1 1.0 0.0] [0 1 1.0 0.0] [0 1 1.0 0.0] [0 1 1.0 0.0] [0 1 1.0 0.0] [0 1 1.0 0.0] [0 1 1.0 0.0] [0 1 1.0 0.0] [0 1 1.0 0.0] [0 1 1.0 0.0] [0 1 1.0 0.0] [0 1 1.0 0.0] [0 1 1.0 0.0] [0 1 1.0 0.0] [0 1 1.0 0.0] [0 1 1.0 0.0] [0 1 1.0 0.0] [0 1 1.0 0.0] [0 1 1.0 0.0] [0 1 1.0 0.0] [0 1 1.0 0.0] [0 1 1.0 0.0] [0 1 1.0 0.0] [0 1 1.0 0.0] [0 1 1.0 0.0] [0 1 1.0 0.0] [0 1 1.0 0.0] [0 1 1.0 0.0] [0 1 1.0 0.0] [0 1 1.0 0.0] [0 1 1.0 0.0] [0 1 1.0 0.0] [0 1 1.0 0.0] [0 1 1.0 0.0] [0 1 1.0 0.0] [0 1 1.0 0.0] [0 1 1.0 0.0] [0 1 1.0 0.0] [0 1 1.0 0.0] [0 1 1.0 0.0] [0 1 1.0 0.0] [0 1 1.0 0.0] [0 1 1.0 0.0] [0 1 1.0 0.0] [0 1 1.0 0.0] [0 1 1.0 0.0] [0 1 1.0 0.0] [0 1 1.0 0.0] [0 1 1.0 0.0] [0 1 1.0 0.0] [0 1 1.0 0.0] [0 1 1.0 0.0] [0 1 1.0 0.0] [0 1 1.0 0.0] [0 1 1.0 0.0] [0 1 1.0 0.0] [0 1 1.0 0.0] [0 1 1.0 0.0] [0 1 1.0 0.0] [0 1 1.0 0.0] [0 1 1.0 0.0] [0 1 1.0 0.0] [0 1 1.0 0.0] [0 1 1.0 0.0] [0 1 1.0 0.0] [0 1 1.0 0.0] [0 1 1.0 0.0] [0 1 1.0 0.0] [0 1 1.0 0.0] [0 1 1.0 0.0] [0 1 1.0 0.0] [0 1 1.0 0.0] [0 1 1.0 0.0] [0 1 1.0 0.0] [0 1 1.0 0.0] [0 1 1.0 0.0] [0 1 1.0 0.0] [0 1 1.0 0.0] [0 1 1.0 0.0] [0 1 1.0 0.0] [0 1 1.0 0.0] [0 1 1.0 0.0] [0 1 1.0 0.0] [0 1 1.0 0.0] [0 1 1.0 0.0] [0 1 1.0 0.0] [0 1 1.0 0.0] [0 1 1.0 0.0] [0 1 1.0 0.0]
[0 1 1.0 0.0] [0 1 1.0 0.0] [0 1 1.0 0.0] [0 1 1.0 0.0] [0 1 1.0 0.0] [0 1 1.0 0.0] [0 1 1.0 0.0] [0 1 1.0 0.0] [0 1 1.0 0.0] [0 1 1.0 0.0] [0 1 1.0 0.0] [0 1 1.0 0.0] [0 1 1.0 0.0] [0 1 1.0 0.0] [0 1 1.0 0.0] [0 1 1.0 0.0] [0 1 1.0 0.0] [0 1 1.0 0.0] [0 1 1.0 0.0] [0 1 1.0 0.0] [0 1 1.0 0.0] [0 1 1.0 0.0] [0 1 1.0 0.0] [0 1 1.0 0.0] [0 1 1.0 0.0] [0 1 1.0 0.0] [0 1 1.0 0.0] [0 1 1.0 0.0] [0 1 1.0 0.0] [0 1 1.0 0.0] [0 1 1.0 0.0] [0 1 1.0 0.0] [0 1 1.0 0.0] [0 1 1.0 0.0] [0 1 1.0 0.0] [0 1 1.0 0.0] [0 1 1.0 0.0] [0 1 1.0 0.0] [0 1 1.0 0.0] [0 1 1.0 0.0] [0 1 1.0 0.0] [0 1 1.0 0.0] [0 1 1.0 0.0] [0 1 1.0 0.0] [0 1 1.0 0.0] [0 1 1.0 0.0] [0 1 1.0 0.0] [0 1 1.0 0.0] [0 1 1.0 0.0] [0 1 1.0 0.0] [0 1 1.0 0.0] [0 1 1.0 0.0] [0 1 1.0 0.0] [0 1 1.0 0.0] [0 1 1.0 0.0] [0 1 1.0 0.0] [0 1 1.0 0.0] [0 1 1.0 0.0] [0 1 1.0 0.0] [0 1 1.0 0.0] [0 1 1.0 0.0] [0 1 1.0 0.0] [0 1 1.0 0.0] [0 1 1.0 0.0] [0 1 1.0 0.0] [0 1 1.0 0.0] [0 1 1.0 0.0] [0 1 1.0 0.0] [0 1 1.0 0.0] [0 1 1.0 0.0] [0 1 1.0 0.0] [0 1 1.0 0.0] [0 1 1.0 0.0] [0 1 1.0 0.0] [0 1 1.0 0.0] [0 1 1.0 0.0] [0 1 1.0 0.0] [0 1 1.0 0.0] [0 1 1.0 0.0] [0 1 1.0 0.0] [0 1 1.0 0.0] [0 1 1.0 0.0] [0 1 1.0 0.0] [0 1 1.0 0.0] [0 1 1.0 0.0] [0 1 1.0 0.0] [0 1 1.0 0.0] [0 1 1.0 0.0] [0 1 1.0 0.0] [0 1 1.0 0.0] [0 1 1.0 0.0] [0 1 1.0 0.0] [0 1 1.0 0.0] [0 1 1.0 0.0] [0 1 1.0 0.0] [0 1 1.0 0.0] [0 1 1.0 0.0] [0 1 1.0 0.0] [0 1 1.0 0.0] [0 1 1.0 0.0] [0 1 1.0 0.0] [0 1 1.0 0.0] [0 1 1.0 0.0] [0 1 1.0 0.0] [0 1 1.0 0.0] [0 1 1.0 0.0] [0 1 1.0 0.0] [0 1 1.0 0.0] [0 1 1.0 0.0] [0 1 1.0 0.0] [0 1 1.0 0.0] [0 1 1.0 0.0] [0 1 1.0 0.0] [0 1 1.0 0.0] [0 1 1.0 0.0] [0 1 1.0 0.0] [0 1 1.0 0.0] [0 1 1.0 0.0] [0 1 1.0 0.0] [0 1 1.0 0.0] [0 1 1.0 0.0] [0 1 1.0 0.0] [0 1 1.0 0.0] [0 1 1.0 0.0] [0 1 1.0 0.0] [0 1 1.0 0.0] [0 1 1.0 0.0] [0 1 1.0 0.0] [0 1 1.0 0.0] [0 1 1.0 0.0] [0 1 1.0 0.0] [0 1 1.0 0.0] [0 1 1.0 0.0] [0 1 1.0 0.0] [0 1 1.0 0.0] [0 1 1.0 0.0] [0 1 1.0 0.0] [0 1 1.0 0.0] [0 1 1.0 0.0] [0 1 1.0 0.0] [0 1 1.0 0.0] [0 1 1.0 0.0] [0 1 1.0 0.0] [0 1 1.0 0.0] [0 1 1.0 0.0] [0 1 1.0 0.0] [0 1 1.0 0.0] [0 1 1.0 0.0] [0 1 1.0 0.0] [0 1 1.0 0.0] [0 1 1.0 0.0] [0 1 1.0 0.0] [0 1 1.0 0.0] [0 1 1.0 0.0] [0 1 1.0 0.0] [0 1 1.0 0.0] [0 1 1.0 0.0] [0 1 1.0 0.0] [0 1 1.0 0.0] [0 1 1.0 0.0]